Parameter Source Pipeline,Detection Pipeline(s),TIC ID,Full TOI ID,TOI Disposition,TIC Right Ascension,TIC Declination,TIC Right Ascension 2015.5,TIC Declination 2015.5,TMag Value,TMag Uncertainty,Epoch Value,Epoch Error,Orbital Period Value,Orbital Period Error,Transit Duration Value,Transit Duration Error,Transit Depth Value,Transit Depth Error,Sectors,Public Comment,Surface Gravity Value,Surface Gravity Uncertainty,Signal ID,Star Radius Value,Star Radius Error,Planet Radius Value,Planet Radius Error,Planet Equilibrium Temperature (K) Value,Effective Temperature Value,Effective Temperature Uncertainty,Effective Stellar Flux Value,Signal-to-noise,Centroid Offset,TFOP Master,TFOP SG1a,TFOP SG1b,TFOP SG2,TFOP SG3,TFOP SG4,TFOP SG5,Alerted,Updated,Vmag,Tmag,Gmag,rmag,imag,Zmag,Jmag,Hmag,Kmag,Teff,ra,dec,logg,rho,dist,eclong,eclat,Stellar Insolation [ergs/cm^2/s],Stellar Insolation [Earth Units],Observed Sectors [String],N Sectors_Observed
spoc-s14-s60-b0A-CP,SPOC,233602827,1749.02,CP,282.737770537067,64.4191998047716,282.737228068,64.4194660041,12.2574,0.00728112,2647.5151972,0.0033828,9.04470385496473,1.6702928e-05,1.76531479184096,0.3585741,1611.00101877725,87.23222,"[14, 15, 16, 17, 18, 19, 20, 21, 23, 24, 25, 26, 40, 41, 47, 48, 49, 50, 51, 52, 53, 54, 55, 57, 58, 59, 60]",TOI-1749 d / TOI-1749.02; multi,4.68416,0.00982267,2,0.561356008052826,0.0165649,2.24937460876106,1.3561225,495.162818682254,3959.0,157.0,14.2073509192359,17.26894,False,5,5,5,5,5,5,5,2020-02-27 22:12:18+00,2023-06-02 20:12:13+00,13.86,12.2574,13.1798,13.3476,12.783,13.7015,11.069,10.446,10.27,3959.0,282.737770537067,64.4191998047716,4.68416,3.13947,99.5561,343.822738411229,84.3109950088448,19467706.3034959,14.252447825308378,"Sector 14, Sector 15, Sector 16, Sector 17, Sector 18, Sector 19, Sector 20, Sector 21, Sector 23, Sector 24, Sector 25",11.0
spoc-s14-s41-b0A-PC,SPOC,336128819,2136.01,PC,281.176524484804,36.562368209087,281.176343304,36.5631318339,11.7371,0.00737687,2394.59372617679,0.002155869,7.85190820404635,3.6743193e-05,1.63187259568172,0.27211654,3873.95914916701,266.78912,"[26, 40]",,4.87998,0.000834811,1,0.343879997730255,0.0103308,2.17058026165306,0.5446732,379.277755825568,3384.0,157.0,4.89046879575074,14.27448,False,2,4,2,2,4,4,4,2020-08-07 21:59:54+00,2022-02-15 20:18:02+00,14.32,11.7371,12.9643,,,,10.184,9.604,9.343,3384.0,281.176524484804,36.562368209087,4.87998,8.04461,33.3631,287.762675064899,59.3143814295049,6701221.932796862,4.906012782093827,"Sector 14, Sector 26",2.0
spoc-s14-s60-b0A-PC,SPOC,142748283,2096.01,PC,151.619127342946,74.8275341256876,151.618698905,74.8272107182,13.4764,0.00730165,2601.8461723,0.0031127,3.11907156163725,1.2873729e-05,1.15859744654094,0.16846347,2964.58289114435,503.0731,"[14, 20, 21, 40, 41, 47, 53, 60]",L1 candidate in potential multi-planet system; low snr,4.98992,0.014318,1,0.247330993413925,0.00734744,1.62297956985344,0.20758255,454.50041014115,3285.0,157.0,10.084587060342,8.965935,False,2,4,2,2,4,4,4,2020-07-15 20:44:32+00,2023-05-19 16:25:10+00,15.92,13.4764,14.7736,,,,11.877,11.298,11.021,3285.0,151.619127342946,74.8275341256876,4.98992,14.407,48.4809,114.8128552183,56.7216791944483,13818487.972246807,10.116614447472548,"Sector 14, Sector 20, Sector 21",3.0
spoc-s14-s60-b0A-PC,SPOC,455947620,6022.01,PC,340.000749113921,60.8231744482622,340.00124944,60.8234999686,13.7057,0.00731475,2854.58918179498,0.00031364892,1.92810923048424,9.294661e-07,1.41744995002751,0.01998326,107974.235954274,2071.2168,"[17, 57]",v-shaped,4.8548,0.00122399,1,0.369846999645233,0.011002,17.7947707372547,19.28166,597.068559841286,3264.0,157.0,30.0343206726018,116.11209,False,3,4,3,3,4,4,4,2022-12-15 22:35:26+00,2023-05-19 15:22:07+00,16.63,13.7057,15.0202,,,,12.103,11.474,11.222,3264.0,340.000749113921,60.8231744482622,4.8548,7.05854,86.9388,22.9871201265943,60.1571021122729,41154552.765080474,30.129544123689616,"Sector 16, Sector 17, Sector 24",3.0
spoc-s01-s36-b0A-PC,SPOC/QLP,151825527,672.01,PC,167.9904,-39.3278,167.990862653,-39.328115085,11.561,0.045,1546.47998209928,0.00025414512,3.6335735388124,3.272654e-06,1.78090766973933,0.053174198,8659.56899295867,142.72823,"[9, 10, 36]",,4.75169,0.342271,1,0.544067978858948,0.016274,5.09241464006768,0.23408793,613.475999331427,3765.0,65.0,33.4742849468177,51.374588,False,3,4,3,3,4,4,4,2019-05-07 15:39:33+00,2021-07-15 19:05:10+00,13.576,11.6739,12.7364,,,,10.36,9.698,9.507,3659.0,167.990388750459,-39.3277933397934,4.69906,3.35231,66.9071,187.857979497049,-40.2019340266736,45868137.32403272,33.58039328636587,"Sector 9, Sector 10",2.0
spoc-s01-s39-b0A-PC,UNKNOWN,237920046,873.01,PC,56.7343,-63.3373,56.7366362676,-63.3368784178,12.055,0.04,1326.22271185287,0.0019678911,5.93120510162986,2.6424204e-05,2.05770330381396,0.38463053,916.30531407505,89.97431,"[1, 2, 3, 4, 11, 28, 29, 30, 31, 34, 38]",check neighbors; low SNR,4.74005,0.340758,1,0.520399987697601,0.0154554,1.68823540584209,0.51171046,518.027769602356,3797.0,64.0,17.0189658587694,10.211816,False,2,4,2,2,4,4,4,2019-07-12 16:20:28+00,2022-03-21 19:21:10+00,13.996,12.1249,13.1681,,,,10.853,10.199,9.951,3694.0,56.7343236175195,-63.3373008270785,4.7196,3.67446,76.9563,357.386687733938,-75.7355074558057,23320498.315040212,17.073104571934945,"Sector 1, Sector 2, Sector 3, Sector 4, Sector 11",5.0
qlp-s72-faintsearch,FAINT,421006834,6940.01,PC,111.871054,11.4664044,111.870696189,11.4662808579,12.544,0.007,3285.5345393,0.0015231,0.3052608,5e-07,0.309,0.164,1620.0,900.503,"[7, 44, 45, 46, 71, 72]",found in faint-star QLP search,4.85,0.0,1,0.37,0.01,2.03448,0.377961,1043.0,3338.0,157.0,196.562,13.0,False,2,4,2,2,4,4,4,2024-02-29 23:27:38+00,2024-02-29 18:22:38+00,15.043,12.5437,13.8071,,,,10.943,10.318,10.071,3338.0,111.8710540355,11.4664043879907,4.85161,6.9435,51.7699,111.783727378126,-10.3342214350214,531374935.2516598,389.0234125317019,Sector 7,1.0
qlp-s51-tois,SPOC,368287008,2015.01,PC,232.132925088584,27.360797635936,232.1326528,27.3610730467,12.8387,0.00731908,2712.9289088,0.0029226,3.3491408,1.6e-05,1.207,0.25,7210.0,4050.29,"[24, 51]",Some odd-even,4.89993,0.00294439,1,0.32,0.01,5.37673,2.27494,657.0,3223.0,157.0,31.0153,10.0,False,2,4,1,1,4,4,4,2020-06-19 06:00:39+00,2022-09-02 17:28:45+00,16.11,12.8387,14.176,14.9726,13.6507,12.6028,11.118,10.519,10.263,3223.0,232.132925088584,27.360797635936,4.89993,8.93528,47.3444,220.184945302429,44.4718044816513,16012562.511687938,11.722912200824558,Sector 24,1.0
qlp-s62-ffi,SPOC,34068865,731.01,CP,146.1243,-45.7765,146.121463999,-45.7790164817,8.011,0.016,3013.7131001,0.0006209,0.3219233,4e-07,0.199,0.086,204.0,1926.16,"[9, 35, 36, 62]",GJ 367 b,4.82492,0.061282,1,0.46,0.01,2.66076,0.921089,1296.0,3518.0,84.0,469.443,17.0,False,5,5,5,5,5,5,5,2019-06-06 16:40:58+00,2023-04-12 16:30:44+00,10.153,8.03194,9.15159,,,,6.632,6.045,5.78,3536.0,146.124319407249,-45.7765071080434,4.77463,4.74165,9.41263,172.949121092877,-54.304515621937,803826232.7203585,588.486967280979,Sector 9,1.0
spoc-s15-b02,SPOC,274662200,1285.01,PC,316.867085133064,46.8649513062235,316.867239555,46.8653733989,10.9313,0.00732298,1712.36640032813,0.0026089381,1.22843879165983,0.000257302,1.91901180477847,0.65036553,1229.49651247718,129.57385,"[15, 16]",TFOP FP,4.71105,0.00888535,1,0.53023,0.015565,1.86626299475715,1.8184054,841.100311605962,3526.0,157.0,118.280234591723,11.960702,False,5,5,5,5,5,5,5,2019-10-17 00:30:12+00,2019-10-17 00:30:12+00,13.152,10.9313,12.0687,,,,9.488,8.835,8.577,3526.0,316.867085133064,46.8649513062235,4.71105,3.53608,41.9934,344.475199991479,58.8116947865715,162073865.83475462,118.65544305242898,"Sector 15, Sector 16",2.0
qlp-s50-tois,SPOC,243313296,2278.01,PC,289.512718341822,56.2360511272339,289.513338349,56.2367793102,12.4199,0.00736175,2690.5836831,0.0033795,1.4663344,8.4e-06,0.447,0.323,920.0,720.34,"[14, 15, 16, 20, 23, 26, 40, 41, 49, 50]",Crowded field; SG1 needs to clear the neighbors; faint target; low SNR,4.9014,0.00283365,1,0.32,0.01,1.87124,0.954504,704.0,3412.0,157.0,40.7842,7.0,False,2,4,2,2,4,4,4,2020-09-30 13:26:56+00,2022-09-07 19:49:01+00,14.89,12.4199,13.6347,,,,10.887,10.32,10.095,3412.0,289.512718341822,56.2360511272339,4.9014,9.00491,43.5829,321.071978132834,76.1944360412242,60183207.40918336,44.06055907084787,"Sector 14, Sector 15, Sector 16, Sector 20, Sector 23",5.0
spoc-s14-s60-b0A-PC,SPOC,422756130,1695.01,CP,21.9207193285896,72.296440540869,21.9217346034,72.29661481,11.0294,0.00738636,1791.51913698489,0.0006383377,3.1342945619236,5.8707283e-06,1.21587959150705,0.33217213,1183.6060713481,76.446625,"[18, 19, 24, 25, 52, 58, 59]",TOI-1695 b,4.72334,0.0086441,1,0.516104996204376,0.0153254,1.79929660611783,1.3256298,618.362863114811,3575.0,157.0,34.5537032510597,19.041552,False,5,5,5,5,5,5,5,2020-01-30 21:16:42+00,2023-05-22 19:22:10+00,12.989,11.0294,12.1364,,,,9.64,8.984,8.818,3575.0,21.9207193285896,72.296440540869,4.72334,3.73709,45.1309,59.7169597661851,55.9833466412553,47347638.3527629,34.66354663225749,"Sector 18, Sector 19, Sector 24, Sector 25",4.0
spoc-s01-s36-b0A-PC,UNKNOWN,244161191,278.01,PC,4.8831,-5.9113,4.88356193051,-5.91156142522,13.099,0.059,1381.77552573919,0.00031334546,0.298730995689558,5.818342e-06,0.621620456830077,0.105019316,6605.10293074771,448.7647,"[3, 30]",likely SV,5.13527,0.496238,1,0.300639003515244,0.00921362,2.52686218838342,0.42984232,944.822863442918,2955.0,95.0,188.331332004364,15.121655,False,4,4,4,4,4,4,4,2018-12-11 21:32:33+00,2021-11-15 17:49:16+00,16.45,13.1672,14.681,,,,11.171,10.618,10.324,2950.0,4.8830938213792,-5.91126788472872,4.925,10.2068,44.397,2.12172073484625,-7.3638441794953,258062851.5674517,188.9296700020036,Sector 3,1.0
qlp-s72-ffi,SPOC/QLP,307809773,4599.02,CP,99.2949955,17.5648151,99.2915428653,17.5662695719,7.899,0.008,3277.8041231,0.0006833,5.7060868,6.3e-06,0.863,0.15,821.0,236.25,"[43, 44, 45, 71, 72]",HD 260655 c,4.77,0.01,2,0.47,0.01,1.89602,0.173003,593.0,3807.0,157.0,20.536,28.0,False,5,5,5,5,5,5,5,2021-11-01 23:34:05+00,2024-01-03 15:39:08+00,9.63,7.89863,8.87604,,,,6.674,6.031,5.862,3807.0,99.2949955338595,17.5648151166418,4.76771,4.58846,10.0055,98.9006906910294,-5.58773492629996,23887557.463740833,17.48825265382624,,1.0
spoc-s42-s46-b02,SPOC,387974148,5551.01,PC,87.1257376632879,18.1795249045598,87.1256175783,18.1795278929,12.4507,0.00746283,2474.72140968427,0.0035494885,2.40541002756624,0.00020328876,1.60877898461514,0.8685588,1279.20234380643,189.45142,"[43, 44, 45]",low SNR,4.69159,0.00963539,1,0.552721977233887,0.0163428,2.0045260678406,2.801834,728.86700401426,3768.0,157.0,66.6982074170434,7.3953786,False,2,4,2,2,4,4,4,2022-05-17 20:08:53+00,2022-05-17 14:58:01+00,14.088,12.4507,13.4543,,,,11.165,10.548,10.325,3768.0,87.1257376632879,18.1795249045598,4.69159,3.24355,99.7999,87.2578894107308,-5.23240191029462,91393260.18284202,66.90966321527463,,1.0
qlp-s49-tois,FAINT,86263325,3884.01,PC,181.5726544,12.5069127,181.571834053,12.5070257608,12.911,0.007,2656.4998239,0.0007065,4.5445569,7.2e-06,1.462,0.06,30740.0,10.5317,"[22, 46, 49]",found in faint-star QLP search; possible in transit ramp,4.92,0.01,1,0.3,0.01,5.7177,0.201745,429.0,3192.0,157.0,5.65747,36.0,False,3,4,3,3,4,4,4,2021-06-23 15:22:05+00,2022-07-13 19:16:05+00,15.744,12.9113,14.2747,,,,11.127,10.552,10.24,3192.0,181.572654395924,12.5069127343743,4.92226,10.0588,43.1448,176.390608365899,12.0839938022432,9476201.786503056,6.937595494748948,Sector 22,1.0
qlp-s52-tois,SPOC,229781583,1245.01,PC,283.535646543169,69.6333009944502,283.535529815,69.6335337817,12.1819,0.0073852,2764.3293173,0.001816,4.8204512,1.22e-05,1.756,0.181,1930.0,1.49496,"[14, 15, 16, 17, 18, 19, 20, 21, 22, 23, 25, 26, 40, 41, 47, 48, 49, 50, 51, 52]",Potential L1 candidate,4.71598,0.00882482,1,0.52,0.02,2.36747,0.0993507,572.0,3692.0,157.0,17.8782,20.0,False,2,4,1,1,4,4,4,2019-10-17 00:30:12+00,2022-10-04 20:04:34+00,14.37,12.1819,13.2299,,,,10.863,10.222,10.013,3692.0,283.535646543169,69.6333009944502,4.71598,3.61513,80.0982,37.48520127945,84.1080569252695,31015809.57588873,22.706897302055204,"Sector 14, Sector 15, Sector 16, Sector 17, Sector 18, Sector 19, Sector 20, Sector 21, Sector 22, Sector 23, Sector 25",11.0
spoc-s14-s60-b0A-PC,SPOC,219698776,1243.01,PC,135.734013400945,71.6370312133384,135.732641191,71.6364157563,11.1966,0.00735934,2598.1431637,0.0019616,4.65951692268813,8.162405e-06,0.901182068655105,0.19003154,1725.17062589876,137.73328,"[14, 20, 40, 47, 53, 60]",L1 candidate,4.74553,0.00760071,1,0.490729004144669,0.014421,2.19615072748226,0.5582007,519.900485452084,3489.0,157.0,17.2664038094902,14.432014,False,2,4,1,1,4,4,4,2019-10-17 00:30:12+00,2023-05-25 13:19:25+00,13.427,11.1966,12.359,,,,9.731,9.093,8.878,3489.0,135.734013400945,71.6370312133384,4.74553,4.1364,43.1865,111.27868179414,51.5633412217595,23659391.48087074,17.321210696460042,"Sector 14, Sector 20",2.0
spoc-s01-s39-b02-tier1,SPOC,271169413,4559.01,PC,211.013353074131,-30.0130653649381,211.013537812,-30.0141251819,10.9139,0.00741607,1597.85837225985,0.0013970048,3.96498491783226,1.6125543e-05,1.50928263484553,0.45993468,1220.19335600083,126.20545,"[11, 38]",potential L1 planet,4.80232,0.00517381,1,0.426766991615295,0.0128868,1.53728141187943,1.0142795,522.506874849898,3476.0,157.0,17.6152591928414,9.969001,False,2,4,2,2,4,4,4,2021-10-28 01:52:38+00,2021-10-27 20:21:02+00,13.115,10.9139,12.0797,,,,9.455,8.831,8.619,3476.0,211.013353074131,-30.0130653649381,4.80232,5.42073,31.6354,219.340573916052,-16.3469936185759,24137618.21374062,17.671323927707615,Sector 11,1.0
spoc-s01-s36-b0A-PC,UNKNOWN,439456714,277.01,PC,19.0772,-20.9522,19.0766984987,-20.9532772452,11.681,0.04,1385.03631197881,0.0007959427,3.99344182704717,8.306464e-06,1.96930647255073,0.11264866,5801.89571586399,256.10855,"[3, 30]",,4.7573,0.343554,1,0.523113012313843,0.015618,4.25566447395257,0.24329622,587.922979637705,3748.0,64.0,28.2359720540293,20.975157,False,3,4,3,3,4,4,4,2018-11-30 22:06:26+00,2021-07-13 21:51:57+00,13.632,11.7315,12.7896,,,,10.403,9.767,9.557,3668.0,19.0772306863914,-20.9522043989046,4.71724,3.63558,64.6692,8.87425527261813,-26.7113271170769,38690787.522515945,28.325803866566797,Sector 3,1.0
qlp-s46-tois,UNKNOWN,27649847,521.01,PC,123.3438,12.2217,123.344256674,12.2221079013,12.429,0.168,2575.7966343,0.0016697,1.5428518,5.8e-06,1.146,0.186,2090.0,4.90728,"[7, 34, 44, 45, 46]",potential L1 planet,4.97486,0.436074,1,0.42,0.01,1.99486,0.118323,769.0,3439.0,69.0,58.3426,19.0,False,2,4,1,1,4,4,4,2019-03-22 22:54:00+00,2022-03-10 15:23:56+00,14.691,12.4029,13.5861,,,,10.921,10.357,10.089,3465.0,123.343858386359,12.2217604659286,4.8084,5.58541,60.9425,122.809061131811,-7.50073953362651,82239386.2246013,60.20804624225471,Sector 7,1.0
spoc-s57-b0A,SPOC,343628284,1448.01,PC,316.324129886696,57.7713735281794,316.324002962,57.7710946191,13.1717,0.00736213,2857.18560770407,0.0054910127,8.09708185596449,0.0026823257,3.12785200022151,0.65918344,4723.07243764194,601.42126,"[15, 16, 57]",There is scattered light which may have caused the centroid shift.,4.84373,0.0021442,1,0.381585985422134,0.0113779,2.63540427655515,0.835383,388.129189354761,3391.0,157.0,5.36322753762497,7.6244526,False,2,4,2,2,4,4,4,2019-11-14 17:07:15+00,2023-01-30 14:27:33+00,15.678,13.1717,14.4005,,,,11.599,11.033,10.765,3391.0,316.324129886696,57.7713735281794,4.84373,6.66919,73.3345,359.791415844441,67.3118375091035,7348983.132196179,5.380243415830071,"Sector 15, Sector 16, Sector 17",3.0
qlp-s49-tois,SPOC,219860288,1743.01,PC,257.746405394471,71.8713911069849,257.74733222,71.8722038818,12.4251,0.0074151,2660.4942115,0.0022429,4.2660553,1.4e-05,0.69,0.301,1700.0,1591.15,"[15, 16, 17, 18, 19, 20, 21, 22, 23, 24, 25, 26, 40, 41, 47, 48, 49]",slightly v-shaped; potential L1 candidate,4.90415,0.00361744,1,0.32,0.01,3.30511,1.40785,506.0,3281.0,157.0,10.8837,11.0,False,2,4,1,1,4,4,4,2020-02-27 22:12:18+00,2022-08-19 16:10:52+00,14.972,12.4251,13.7291,14.567,12.9659,12.1517,10.807,10.246,9.999,3281.0,257.746405394471,71.8713911069849,4.90415,9.13724,41.2758,123.689424732069,83.1624794084199,12270126.808330853,8.983048101267547,"Sector 15, Sector 16, Sector 17, Sector 18, Sector 19, Sector 20, Sector 21, Sector 22, Sector 23, Sector 24, Sector 25",11.0
spoc-s01-s46-b02,SPOC,277833995,5524.01,KP,156.4052794,2.514353,156.405498855,2.51388289095,11.758,0.007,1518.11936412884,0.0014216612,2.29801434388549,1.2719716e-05,1.02681602480332,0.48841855,1035.35626408339,173.07994,"[8, 35, 45, 46, 72]",K2-321 b,4.66,0.01,1,0.590524971485138,0.0175564,2.03300961348631,1.5651492,733.875947222071,3650.0,157.0,68.5506563658944,7.174196,False,5,5,5,5,5,5,5,2022-04-20 21:11:28+00,2024-02-01 18:44:58+00,13.677,11.758,12.8241,13.2803,12.3114,12.6375,10.462,9.796,9.567,3650.0,156.405279395225,2.51435304899047,4.65924,2.81793,77.6888,157.227433129722,-6.82360515734348,93932882.7070374,68.76893913395709,Sector 8,1.0
spoc-s62-b0A,SPOC/QLP,54962195,663.02,PC,160.0665,-8.5107,160.065852462,-8.51108270314,11.672,0.04,2989.64255832627,0.0057528075,4.69914655492322,0.0017539107,2.52004734352882,0.39453098,2413.72211739703,376.67136,"[9, 35, 62]",low SNR,4.76941,0.347691,2,0.512360990047455,0.0152398,3.94162041586311,7.739804,552.364892341924,3719.0,64.0,22.0001312561684,9.834454,False,2,4,2,2,4,4,4,2019-05-07 15:39:33+00,2023-10-04 21:49:24+00,13.667,11.7602,12.8191,,,,10.448,9.828,9.607,3664.0,160.066471450283,-8.51072550514979,4.7266,3.7928,64.2308,164.921750798137,-15.6584893215365,30145730.13096303,22.069905881527664,Sector 9,1.0
spoc-s14-s55-b02,SPOC,48353358,6004.01,KP,283.628330399042,48.3910176856712,283.628260229,48.3908081179,12.1042,0.006,1685.77839748506,0.0021677264,9.87868379953592,3.184128e-05,1.88520417170868,0.25458682,1728.74538208164,162.31392,"[14, 26, 40, 41, 53, 54, 55]",Kepler-1651 b,4.86726,0.135649,1,0.460619002580643,0.0505553,2.10831885587288,0.3531921,411.779848684636,3759.27,115.535,6.79487325877486,9.8170185,False,5,5,5,5,5,5,5,2022-12-01 23:00:59+00,2022-12-01 17:11:48+00,13.86,12.1042,13.0716,,,,10.648,9.979,9.804,3759.27,283.628330399042,48.3910176856712,4.86726,5.83242,66.4074,297.966680167483,70.5100577421643,9310762.396643016,6.816476127347785,"Sector 14, Sector 15",2.0
qlp-s48-tois,SPOC,417931300,2068.01,PC,186.275285851536,60.4183722196043,186.273560012,60.4183455478,11.1806,0.00735493,2623.4641584,0.0048826,7.768982,5.77e-05,2.181,0.327,1050.0,2.74014,"[14, 15, 21, 22, 41, 48]",potential L1 planet,4.70036,0.00945482,1,0.54,0.02,1.77405,0.111992,511.0,3700.0,157.0,11.3921,11.0,False,2,4,1,1,4,4,4,2020-07-15 20:44:30+00,2022-06-29 15:47:12+00,13.007,11.1806,12.221,14.9169,11.9557,13.217,9.872,9.237,9.007,3700.0,186.275285851536,60.4183722196043,4.70036,3.37157,52.9328,148.865048932655,55.020326523586,17344806.94558798,12.698257934353943,"Sector 14, Sector 15, Sector 21, Sector 22",4.0
spoc-s06-b02,SPOC,32830028,549.01,PC,86.7522,-24.8422,86.7521818288,-24.8426422292,14.31,0.059,1468.344415,0.000477,0.516278,2.1e-05,0.565611,0.106334,20289.210823,1032.7452,[6],marginal signal,5.10976,0.525773,1,0.169,0.037,2.442348,0.6369,679.615407056527,3009.0,97.0,50.4166360929242,18.210543,False,3,4,3,3,4,4,4,2019-03-28 00:07:14+00,2019-03-28 00:07:14+00,17.6,14.2321,15.6092,,,,12.431,11.843,11.568,3177.0,86.7521702126172,-24.8422179752869,4.91844,9.85666,80.6542,85.5734015071014,-48.2316058856274,171319617.00870597,125.4243239959874,Sector 6,1.0
spoc-CTOIs,CTOI,67512645,6894.01,PC,173.469789084464,12.4509953117042,173.469141805,12.4510906478,14.9046,0.00779053,2639.25865409916,0.00075909606,3.3706302672769,0.00016703657,1.51839443887979,0.046278723,166589.910738589,4493.779,[49],CTOI from Kendra Nguyen (SPOC-FFI); v-shaped,5.02671,0.0192201,1,0.222121000289917,0.00681524,9.38303360122732,0.34857157,409.088783551888,3133.0,157.0,6.61898337423159,49.979717,False,3,4,3,3,4,4,4,2024-02-01 21:37:10+00,2024-02-01 16:27:37+00,,14.9046,16.3092,,,,13.169,12.486,12.207,3133.0,173.469789084464,12.4509953117042,5.02671,17.4605,73.8131,169.052715984278,8.83789053294098,9069667.275160251,6.639968654597776,Sector 22,1.0
qlp-s38-tois,FAINT,243641947,3235.01,PC,207.4749061,-46.0662383,207.473848806,-46.0665139478,13.249,0.008,2355.5540214,0.0002062,2.5926199,1.2e-06,1.269,0.034,78210.0,17.8007,"[11, 38]",V-shaped; found in faint-star QLP search,4.85,0.0,1,0.37,0.01,11.0137,0.376723,537.0,3375.0,157.0,13.8883,143.0,False,3,4,3,3,4,4,4,2021-06-04 13:54:29+00,2022-10-04 21:19:56+00,15.16,13.2486,14.4858,,,,11.706,11.099,10.819,3375.0,207.474906078678,-46.0662382874778,4.85254,6.97695,72.811,223.302963995148,-32.2346422971401,31944960.32478736,23.38713524914946,Sector 11,1.0
spoc-s54-b02,SPOC,328081248,5799.01,PC,301.629383430452,15.9880903194319,301.630179022,15.9891417591,11.1798,0.00736516,2772.3344788269,0.0022545578,4.16454481953557,0.0007537476,1.57254224897364,0.18608984,2612.23974835356,212.54678,[54],potential multi,4.8805,0.000953871,1,0.343358010053635,0.0102719,1.98813927846771,0.1830108,487.302927389249,3521.0,157.0,13.3265300551034,12.77098,False,2,4,1,1,4,4,4,2022-09-22 22:57:15+00,2022-09-22 14:00:20+00,13.29,11.1798,12.3212,,,,9.742,9.192,8.952,3521.0,301.629383430452,15.9880903194319,4.8805,8.06643,27.8123,308.166434950037,35.330958528491,18260912.854719426,13.368945660416873,,1.0
spoc-s14-s55-b0A-CP,SPOC,126606859,4479.01,CP,316.096508022497,24.6541953326347,316.096938776,24.6536738788,12.9374,0.00752822,2797.4063419209,0.001633398,1.15890129424359,7.702015e-06,1.16887016806511,0.19994436,3470.67593016847,277.00897,"[15, 41, 55]",TOI-4479 b,4.80176,0.00495294,1,0.427388995885849,0.012702,2.68297218802467,0.46727428,781.572349418761,3449.0,157.0,88.1856149054927,13.868706,False,5,5,5,5,5,5,5,2021-10-07 00:18:59+00,2023-03-15 19:27:09+00,15.18,12.9374,14.1309,,,,11.444,10.846,10.647,3449.0,316.096508022497,24.6541953326347,4.80176,5.40586,80.6532,327.80435538668,39.3022337034527,120838025.91356479,88.46638801701434,Sector 15,1.0
spoc-s01-s69-b0A-PC,SPOC,415969908,233.02,PC,343.71,-18.9118,343.708612422,-18.9124450595,11.256,0.04,1359.47143682052,0.0021511684,7.20113832861414,1.809162e-05,2.14446806290895,0.25020185,1662.83983064977,146.2334,"[2, 29, 42, 69]",potential multi,4.79912,0.357198,2,0.380272001028061,0.0114291,1.70560024252293,1.2801327,424.223219498593,3644.0,64.0,7.65418128479056,9.993935,False,2,4,1,1,4,4,4,2022-04-20 20:40:06+00,2024-04-24 20:49:44+00,13.342,11.3018,12.4111,,,,9.943,9.33,9.091,3568.0,343.710058965027,-18.9118284079225,4.84496,6.71123,33.773,337.701621142274,-11.0587258740066,10488158.081368057,7.678455977705065,Sector 2,1.0
qlp-s67-ffi,QLP,290348382,1113.01,O,328.7059705,-77.3367543,328.710839245,-77.3374330116,9.669,0.007,3140.2212048,0.0009318,6.4410082,6.6e-06,1.798,0.304,7076.0,288.828,"[13, 27, 67]",2 stars in the same pixel (290348383); retired as TFOP NPC,4.71,0.01,1,0.53,0.02,4.59203,0.175872,471.0,3469.0,157.0,8.2114,35.0,False,5,5,5,5,5,5,5,2019-08-15 15:39:14+00,2023-08-30 12:26:30+00,12.49,9.66865,10.8308,,,,8.192,7.641,7.325,3469.0,328.705970491484,-77.3367542998834,4.70713,3.47467,23.8853,290.821856338157,-58.1975335536806,16865756.398796033,12.34754158300794,Sector 13,1.0
spoc-s01-s72-b0A-CP,SPOC,353475866,1693.01,CP,90.308464784297,34.7731668781624,90.3083454739,34.7730903909,10.6714,0.00745336,1817.68496457737,0.00087178714,1.76669200948258,5.381065e-06,1.41966821621713,0.15623294,830.508297273804,58.453926,"[19, 43, 44, 45, 72]",TOI-1693 b,4.77152,0.00661752,1,0.461259990930557,0.0137244,1.55747343966653,0.14315152,700.854864511965,3474.0,157.0,57.0208083739738,16.687923,False,5,5,5,5,5,5,5,2020-01-30 21:16:42+00,2024-06-06 12:01:00+00,12.962,10.6714,11.8373,,,,9.192,8.533,8.331,3474.0,90.308464784297,34.7731668781624,4.77152,4.67199,30.7947,90.2584181547006,11.3341622691316,78133926.18365352,57.20240941373993,Sector 19,1.0
qlp-s36-faintsearch,FAINT,335590096,4860.01,PC,183.5647447,-13.1748173,183.563960967,-13.1748410578,13.773,0.008,2304.2456131,0.0005869,1.5229985,7.04e-05,1.196,0.156,58060.0,104.313,[36],found in faint-star QLP search,4.87,0.0,1,0.35,0.01,8.99483,0.485033,687.0,3237.0,157.0,37.1159,66.0,False,3,4,3,3,4,4,4,2021-12-21 22:33:24+00,2021-12-21 14:32:25+00,16.47,13.7726,15.1091,,,,12.056,11.431,11.175,3237.0,183.564744730401,-13.1748173085103,4.87111,7.68029,80.1423,188.555990091545,-10.6631005921005,51537387.427853696,37.730892068999694,Sector 10,1.0
spoc-s44-b02,SPOC,434226736,5095.01,KP,63.2733894649056,15.2477816134607,63.2739345689,15.2477026627,13.0275,0.00754018,2501.77406827548,0.0010882552,3.4847528262488,0.00029493737,0.717181277057384,0.2384122,11341.7404475789,1026.7719,[44],K2-25 b,4.93668,0.00702832,1,0.290215998888016,0.00869257,3.11379859461454,1.0545624,447.805803425456,3204.0,157.0,9.50341888347019,11.066787,False,5,5,5,5,5,5,5,2022-01-06 23:46:14+00,2022-01-06 18:43:33+00,16.21,13.0275,14.3817,15.2717,13.8731,12.8154,11.303,10.732,10.444,3204.0,63.2733894649056,15.2477816134607,4.93668,10.8615,44.9565,64.1412706927685,-5.82444187050228,13022162.476039292,9.533618823349006,,1.0
spoc-s08-b02,SPOC,432008938,643.01,PC,120.6935,-23.6959,120.693930437,-23.6967273541,13.679,0.04,1522.349321,0.003658,9.653456,0.002539,4.00937,0.258226,43088.5649,4189.9946,[8],period might be double; crowded field,4.93457,0.410313,1,0.315,0.055,7.281973,1.406418,339.146075830893,3359.0,69.0,3.12657022024288,13.058762,False,3,4,3,3,4,4,4,2019-04-11 19:30:45+00,2019-04-11 19:30:45+00,16.43,13.7006,14.9486,,,,12.129,11.56,11.345,3362.0,120.693457329638,-23.6958875461938,4.86766,7.54387,87.7731,129.721033300754,-42.9949763878598,5173926.469667701,3.787868786970496,"Sector 7, Sector 8",2.0
spoc-s01-s36-b0A-CPKP,SPOC,234994474,134.01,CP,350.0313,-60.0652,350.028591745,-60.0657292357,9.169,0.019,1326.03316103939,0.00065292715,1.40152451566955,5.9932813e-06,1.32199295587295,0.108556986,619.124015084521,38.093296,"[1, 28]",L 168-9 b,4.67812,0.063226,1,0.597006976604462,0.01815,1.73956492902606,0.13575211,891.637661967117,3794.0,69.0,149.373865333401,15.280327,False,5,5,5,5,5,5,5,2018-09-05 18:51:57+00,2021-10-07 17:15:15+00,11.005,9.22978,10.2316,,,,7.941,7.32,7.082,3746.0,350.031352406442,-60.065179038699,4.65374,2.75228,25.1496,319.217900881929,-49.5279462377276,204681224.98072013,149.84859717829542,Sector 1,1.0
spoc-s01-s36-b0A-PC,SPOC,219175972,2441.02,PC,91.4105346322304,-51.680167257902,91.4101516482,-51.6796137966,12.8332,0.00736083,1325.90859127634,0.004312724,5.55148569021324,4.364267e-05,2.01869268398232,0.38610852,1282.32278991626,198.73074,"[1, 5, 7, 11, 28, 31, 32, 33, 34]",low SNR; interior to TOI 2441.01,4.76582,0.00699459,2,0.467689990997314,0.0140024,2.03190621977919,0.26606938,481.205366975619,3478.0,157.0,12.6719325207122,7.887797,False,2,4,2,2,4,4,4,2021-07-19 00:13:44+00,2021-07-19 12:45:33+00,15.262,12.8332,14.0081,,,,11.333,10.724,10.482,3478.0,91.4105346322304,-51.680167257902,4.76582,4.54777,84.5243,93.4036694366332,-75.1027827205241,17363745.614754077,12.712123070285344,"Sector 1, Sector 5, Sector 7, Sector 8, Sector 11",5.0
qlp-s44-tois,SPOC,59128183,2453.01,PC,74.837281542406,12.9364478658571,74.8374845052,12.9363527894,12.4223,0.00745835,2516.8173537,0.0018489,4.4414094,1.71e-05,1.147,0.199,2920.0,10.6861,"[5, 32, 43, 44]",,4.73522,0.00801083,1,0.5,0.01,3.02052,0.201296,477.0,3609.0,157.0,8.65827,10.0,False,2,4,1,1,4,4,4,2021-02-03 22:59:11+00,2022-03-11 11:38:54+00,14.415,12.4223,13.5103,15.6139,13.0116,12.8077,11.038,10.402,10.195,3609.0,74.837281542406,12.9364478658571,4.73522,3.94473,81.9043,75.0110220456884,-9.71734643752002,29801919.448811334,21.81819960792979,Sector 5,1.0
qlp-s47-tois,FAINT,458419328,3785.01,PC,130.9006338,63.0781501,130.900225782,63.0780767641,12.496,0.007,2604.7727496,0.0011793,4.6747218,1.12e-05,1.61,0.15,8200.0,7.52428,"[20, 47]",found in faint-star QLP search,4.74,0.01,1,0.5,0.01,4.73219,0.206202,513.0,3502.0,157.0,11.5347,20.0,False,3,4,3,3,4,4,4,2021-06-23 15:20:12+00,2022-06-28 16:43:02+00,14.595,12.4963,13.6559,14.0744,13.2233,12.4056,11.051,10.387,10.165,3502.0,130.900633754826,63.078150097912,4.73913,4.01614,79.7634,113.910476481409,42.9938223862764,24384871.629706144,17.85233993214801,Sector 20,1.0
qlp-s48-tois,SPOC,407591297,5388.01,PC,152.175498079175,35.546983924296,152.176516927,35.5475570884,10.5737,0.00730771,2630.8957482,0.0015028,2.594675,9.2e-06,0.313,0.218,1070.0,260.812,"[21, 48]",low SNR; potential L1 planet; also a CTOI from Alton Spencer,4.91164,0.00411282,1,0.31,0.01,1.89426,0.558897,375.0,3495.0,157.0,3.30231,10.0,False,2,4,2,2,4,4,4,2022-03-24 21:34:48+00,2022-06-29 15:36:38+00,12.728,10.5737,11.7284,,,,9.167,8.618,8.319,3495.0,152.175498079175,35.546983924296,4.91164,9.50708,18.5226,141.144502223841,22.4780817259457,29857229.08987498,21.85869219402118,Sector 21,1.0
spoc-s01-s65-b0A-PC,SPOC,429358906,782.01,PC,183.9211,-18.9102,183.920361374,-18.9103377425,12.191,0.04,1577.04217445333,0.0014045216,8.02398114683646,1.6911143e-05,1.70827305967871,0.37981406,4010.0577601438,293.40546,"[10, 36, 63]",L1 candidate,4.94964,0.399131,1,0.40651598572731,0.0122887,2.59266525128202,0.915131,388.615675098596,3331.0,63.0,5.39016746782283,14.5085945,False,2,4,1,1,4,4,4,2019-06-11 20:03:40+00,2024-02-15 18:26:19+00,14.83,12.2875,13.5645,,,,10.675,10.108,9.86,3320.0,183.92110649533,-18.9101792165352,4.82069,5.93664,52.5122,191.281030556578,-15.7600668514953,7385980.150945209,5.40732919939348,Sector 10,1.0
spoc-s14-s55-b0A-PC,SPOC,44313455,2142.01,PC,267.04687003174,15.9796508640557,267.046623612,15.9801090054,11.0768,0.00731706,2014.83554227776,0.0025236236,9.30043505367734,5.0959992e-05,2.3510062230233,0.39115328,1595.20886273715,170.11354,"[26, 53]",,4.86042,0.000786928,1,0.36396598815918,0.0108484,1.55503043132781,0.34175405,374.081595927995,3472.0,157.0,4.62792562602814,9.754269,True,2,4,2,2,4,4,4,2020-08-07 21:59:54+00,2023-03-09 16:26:31+00,13.278,11.0768,12.2419,,,,9.61,9.038,8.787,3472.0,267.04687003174,15.9796508640557,4.86042,7.26589,27.7525,266.326105866581,39.3812784372761,6341493.425028589,4.64265295385753,Sector 26,1.0
spoc-s14-s60-b0A-PC,SPOC,240968774,1467.01,PC,19.1139293871073,49.2337799841556,19.1146441112,49.2331382045,10.5977,0.00730051,1766.98911822448,0.0011211189,5.97113566694453,1.3706746e-05,1.54786707055186,0.384534,1437.108602693,108.99147,"[17, 18, 58]",,4.74552,0.00770691,1,0.490736991167068,0.0145151,1.87211450466785,1.216491,525.979551738445,3834.0,157.0,18.0882455179684,12.412292,False,3,4,3,3,4,4,4,2019-12-05 16:42:06+00,2023-05-19 15:38:04+00,12.293,10.5977,11.5622,,,,9.38,8.791,8.568,3834.0,19.1139293871073,49.2337799841556,4.74552,4.13626,37.4418,38.8776858054106,37.5773618813841,24785446.49097115,18.145603669606615,"Sector 17, Sector 18",2.0
qlp-s60-ffi,SPOC,318022259,1730.01,PC,107.866428753493,48.3303892640576,107.86582598,48.3279327224,10.3595,0.00741359,2952.6352714,0.0024431,6.2262315,2.77e-05,2.239,0.772,1488.0,1544.12,"[20, 47, 60]",potential multi,4.70931,0.00914374,1,0.53,0.02,2.75524,0.963981,910.0,3691.0,157.0,114.271,16.0,False,2,4,1,1,4,4,4,2020-02-19 23:47:13+00,2023-02-27 10:12:42+00,12.23,10.3595,11.3944,,,,9.061,8.418,8.212,3691.0,107.866428753493,48.3303892640576,4.70931,3.50856,35.6917,103.082963959869,25.6993343777573,22469457.981779903,16.45005182201507,Sector 20,1.0
spoc-s14-s55-b0A-PC,SPOC,8348911,2266.01,PC,245.279799945004,31.5768782533437,245.280039842,31.5770413338,13.5042,0.00755382,1957.92520008224,0.0016505112,2.32634296639119,1.4453442e-05,1.21950508802238,0.22301836,4153.61444356599,670.6309,"[24, 25, 51, 52]",low SNR,4.97167,0.0114808,1,0.261162012815475,0.00786259,1.97631873215905,0.2668421,502.933455024905,3244.0,157.0,15.1203938889653,7.8007135,False,2,4,2,2,4,4,4,2020-09-30 13:26:55+00,2023-03-09 16:38:57+00,16.54,13.5042,14.8319,15.5441,14.072,13.2908,11.844,11.283,11.017,3244.0,245.279799945004,31.5768782533437,4.97167,13.0827,51.6004,234.621385472232,52.0231079134738,20718740.77618764,15.168339162055089,"Sector 24, Sector 25",2.0
qlp-s76-ffi,SPOC,239332587,4481.01,CP,311.267079900858,44.4990676080927,311.269700189,44.5002350593,8.72762,0.00734093,3394.1295915,0.0003173,0.926323,6e-07,0.933,0.211,987.0,2437.43,"[15, 41, 55, 56, 75, 76]",GJ 806 b (https://doi.org/10.1051/0004-6361/202244261,4.80376,0.00467167,1,0.43,0.01,4.00713,0.675603,1597.0,3573.0,157.0,1082.41,77.0,False,2,4,1,1,4,4,4,2021-10-07 00:18:59+00,2024-05-16 13:19:51+00,10.79,8.72762,9.82461,,,,7.329,6.769,6.533,3573.0,311.267079900858,44.4990676080927,4.80376,5.45917,12.0445,335.632909703075,58.9054941567011,186394756.54972956,136.46094209665696,Sector 15,1.0
spoc-s59-b0A,SPOC,470381900,1696.01,CP,65.2805634563981,48.8199137226456,65.2806480095,48.8198311512,13.9664,0.00730068,2911.83212495807,0.0021197035,2.50052909832679,0.00037064744,0.880986494659664,0.3441977,12579.350475778,1583.843,"[19, 59]",TOI-1696 b,4.94798,0.00806131,1,0.280474990606308,0.00857285,3.17138532451465,1.1981618,491.646575914131,3181.0,157.0,13.8080730876402,7.788581,False,5,5,5,5,5,5,5,2020-01-30 21:16:42+00,2023-03-06 14:08:15+00,16.82,13.9664,15.3314,,,,12.233,11.604,11.331,3181.0,65.2805634563981,48.8199137226456,4.94798,11.5349,64.9172,72.0143097864608,26.9125001032681,18920780.554654073,13.852039550282878,Sector 19,1.0
spoc-s14-s50-b0A-PC,SPOC,166648874,1806.03,PC,166.118962894335,30.458750435002,166.118147371,30.4585763428,12.6196,0.0078072,1899.69865940989,0.0010972138,0.501903071830712,1.8703056e-05,0.947042252878761,0.17262673,1536.56831347408,211.42867,"[22, 48]",low SNR,4.82521,0.0034367,3,0.401574999094009,0.0119287,1.84518623815888,0.24172047,961.1999156055,3272.0,157.0,201.732512596908,7.1534896,False,2,4,2,2,4,4,4,2023-03-23 20:27:12+00,2023-03-23 16:28:20+00,15.193,12.6196,13.927,,,,10.929,10.275,10.016,3272.0,166.118962894335,30.458750435002,4.82521,6.07264,55.5211,154.934901905699,22.5090040469503,276425320.71370405,202.37296575399472,Sector 22,1.0
spoc-s01-s36-b0A-PC,SPOC,153078576,2407.01,PC,49.7464773123249,-46.4576021490527,49.746544964,-46.4580250158,12.5264,0.00734978,2116.62062600048,0.0010952285,2.7029186753149,0.00010224027,1.69986420703329,0.16553378,5132.67828342072,196.55464,"[3, 4, 30, 31]",possible odd-even likely due to transit at end of 1st orbit,4.71597,0.00895826,1,0.524573028087616,0.0156219,3.79423915234342,0.52653366,657.096208250814,3596.0,157.0,44.0592242436249,20.76344,False,2,4,1,1,4,4,4,2020-11-24 20:55:50+00,2021-10-04 19:45:00+00,14.68,12.5264,13.6328,,,,11.134,10.559,10.324,3596.0,49.7464773123249,-46.4576021490527,4.71597,3.61489,92.4366,23.5524702471497,-60.9486057541314,60372781.3412491,44.19934751020913,"Sector 3, Sector 4",2.0
spoc-s01-s39-b0A-PC,SPOC,165827520,3494.01,PC,204.393081985536,-37.1833864602047,204.391966077,-37.1834582576,12.295,0.0074422,2310.02062798684,0.0020447692,7.74861196179273,2.2258037e-05,1.37433685917081,0.34596077,5124.98080864993,450.5409,"[11, 37]",potential L1 candidate,4.91717,0.00480017,1,0.307821005582809,0.00918622,2.21688276058385,0.79533786,351.908862053876,3230.0,157.0,3.62444752714885,10.69108,False,2,4,2,2,4,4,4,2021-06-21 18:48:11+00,2022-03-21 19:12:22+00,15.038,12.295,13.6477,,,,10.547,9.998,9.664,3230.0,204.393081985536,-37.1833864602047,4.91717,9.79048,33.7173,216.773640535678,-25.0629903748706,4966436.8880439475,3.6359641716919837,Sector 11,1.0
spoc-s01-s36-b02-L1,SPOC,4070275,4364.01,PC,80.0666494187155,-4.23943674881378,80.0669269802,-4.23924811171,11.3993,0.00765869,1439.34024308954,0.0015271378,5.42406914989545,2.0911104e-05,1.68750365400652,0.29708984,1766.85892964807,177.85298,"[5, 32]",weak signal,4.76752,0.00696466,1,0.465777009725571,0.0139892,2.09370701057662,0.47302234,487.360439035267,3500.0,157.0,13.3328223741382,9.643645,False,2,4,2,2,4,4,4,2021-08-06 01:36:49+00,2021-08-05 21:34:35+00,13.564,11.3993,12.5548,,,,9.952,9.307,9.075,3500.0,80.0666494187155,-4.23943674881378,4.76752,4.58428,43.9662,78.8379815618351,-27.2946408027638,18269530.110360745,13.375254415259922,Sector 5,1.0
spoc-s15-b02,SPOC,408203470,1289.01,PC,307.211334363466,33.4144668288502,307.210941054,33.4139590753,12.9984,0.00730453,1711.41063102748,0.0021663792,0.581321957121083,9.82467e-05,1.32611770331108,0.5156573,3206.60100155666,370.79492,[15],short period; possible stellar variability; possible centroid offset,4.83941,0.00296261,1,0.38621,0.0118685,2.20148861235589,1.4735351,952.488181491714,3446.0,157.0,194.517815786072,8.015348,False,3,4,3,3,4,4,4,2019-10-17 00:30:12+00,2019-10-17 00:30:12+00,15.73,12.9984,14.1954,,,,11.518,10.972,10.754,3446.0,307.211334363466,33.4144668288502,4.83941,6.52414,89.21544,322.249423546196,50.3251686706463,266538206.3254709,195.13453818762835,"Sector 14, Sector 15",2.0
spoc-s08-b01,SPOC,1133072,566.01,EB,131.0859,-28.0766,131.086144627,-28.0767700545,12.541,0.043,1517.531592,0.002755,0.846542,0.000179,2.408837,0.443968,2524.567663,236.40909,[8],Retired as NEB,4.92521,0.490647,1,0.325,0.068,1.642414,0.666679,774.926158667517,3380.0,101.0,85.2240732043123,9.50554,False,5,5,5,5,5,5,5,2019-04-13 04:58:29+00,2021-12-07 20:24:21+00,15.34,12.625,13.8038,,,,11.172,10.476,10.282,3471.0,131.08590702365,-28.0765731074219,4.74129,4.05629,83.5896,143.893516852991,-44.1345819397594,228176144.40102273,167.04939669608737,Sector 8,1.0
spoc-s18-tier3,SPOC,387527558,1646.01,IS,312.326643571003,70.7963537962571,312.327079762,70.7966044658,13.0367,0.0074392,1794.10335587035,0.0018817907,3.6239090118,0.0027476253,2.65680115643423,0.1899665,26979.8210455556,2005.456,[18],TFOP FA,4.81377,0.00423785,1,0.414101,0.0123306,6.93471365142963,0.46860772,373.85736429386,3514.0,157.0,4.61683933191927,13.211304,False,5,5,5,5,5,5,5,2020-01-24 23:33:41+00,2021-12-08 13:21:50+00,15.263,13.0367,14.1902,,,,11.599,11.033,10.778,3514.0,312.326643571003,70.7963537962571,4.81377,5.73589,82.1294,34.5536909265101,74.3997124529636,27371979.207148664,20.03922287728663,"Sector 16, Sector 17, Sector 18, Sector 19, Sector 24, Sector 25",6.0
qlp-s70-ffi,SPOC/QLP,384888319,4529.01,PC,16.9676266,12.8810523,16.9688461958,12.8809548643,10.141,0.007,3224.6168061,0.0024364,5.8795935,2.36e-05,1.925,0.191,1355.0,73.9947,"[42, 43, 70]",potential L1 planet,4.74,0.01,1,0.49,0.01,1.75726,0.0812292,530.0,3611.0,157.0,13.1232,19.0,False,2,4,1,1,4,4,4,2021-10-21 22:56:08+00,2023-12-06 15:54:11+00,12.214,10.1406,11.216,,,,8.787,8.175,7.954,3611.0,16.9676265853534,12.8810523453134,4.74375,4.1025,28.384,20.5580694078618,5.24240386704219,20017843.127215374,14.655206951350602,,1.0
spoc-s18-b02,SPOC,201186294,1634.01,PC,56.390168786981,37.1122222436083,56.3906095867,37.1122803091,11.0136,0.0073056,1791.5150013965,0.0013370865,0.989330011005163,0.00010554207,1.03576145099967,0.3979622,1519.66958700741,132.89734,[18],Level one candidate,4.76798,0.00654032,1,0.465258,0.0136292,1.83038541096635,1.7299397,848.009857892309,3455.0,157.0,122.215026174179,10.747845,False,1,4,1,1,4,4,4,2020-01-14 19:46:38+00,2020-01-14 19:46:38+00,13.217,11.0136,12.1965,,,,9.484,8.847,8.6,3455.0,56.390168786981,37.1122222436083,4.76798,4.59425,35.2736,62.5384222760749,16.8225357277779,167467544.67432523,122.60419413018926,Sector 18,1.0
spoc-s01-s39-b0A-PC,SPOC,394357918,4184.01,PC,43.8266,-79.4154,43.82847492,-79.4147039366,14.37,0.059,1326.78969083681,0.0011867856,4.90199383996472,1.396118e-05,1.32438037042445,0.2470788,10774.951205986,947.59814,"[1, 28, 39]",small star,5.04654,0.551884,1,0.240806996822357,0.00741195,2.55541452816516,0.43741205,382.399654070162,3147.0,99.0,5.05348481037763,11.158407,False,2,4,1,1,4,4,4,2021-07-08 23:19:06+00,2022-03-21 16:26:06+00,17.12,14.2612,15.5939,,,,12.617,12.111,11.867,3239.0,43.8266220507695,-79.4154175124907,4.99897,15.1088,69.3649,295.785454393687,-72.2635598924125,6924626.702422952,5.069569020994407,"Sector 1, Sector 13",2.0
spoc-s06-b02,SPOC,200593988,526.01,PC,85.3354,11.1946,85.3357621894,11.1944479881,12.271,0.04,1470.849292,0.004324,7.699087,0.003345,4.380607,0.39642,8072.469566,625.70715,[6],possibly marginal,4.81052,0.362772,1,0.45,0.07,6.21451,8.41901,438.293583500218,3617.0,67.0,8.72130455600845,16.209078,False,3,4,3,3,4,4,4,2019-03-28 00:07:14+00,2019-03-28 00:07:14+00,14.307,12.3069,13.4019,,,,10.919,10.347,10.108,3601.0,85.3353944622199,11.194576571109,4.76674,4.56752,70.9325,85.3189305554205,-12.1689406842163,12864387.59570547,9.418110698506467,Sector 6,1.0
qlp-s48-tois,SPOC,224298134,2079.02,PC,185.339398524995,57.75246710573,185.338193348,57.752363726,10.8515,0.00741444,2633.6610008,0.0028873,9.3174072,4.11e-05,1.585,0.244,1170.0,3.10182,"[15, 21, 22, 41, 48]",potential multi,4.75448,0.00718462,2,0.48,0.01,1.93397,0.109019,383.0,3577.0,157.0,3.60844,10.0,False,2,4,1,1,4,4,4,2022-02-28 23:51:57+00,2022-07-12 16:27:20+00,12.816,10.8515,11.9588,12.481,11.4202,11.2665,9.463,8.83,8.61,3577.0,185.339398524995,57.75246710573,4.75448,4.31188,37.066,151.299397820593,52.722540630658,10091918.19241576,7.388365904660124,"Sector 15, Sector 21, Sector 22",3.0
qlp-s50-tois,FAINT,202468443,5268.01,PC,229.0062709,62.7183462,229.006180038,62.7182589825,14.598,0.007,2690.596819,0.00012,2.0685871,1e-06,0.598,0.0,38060.0,1.17599,"[41, 48, 49, 50]",found in faint-star QLP search; slightly v-shaped,4.92,0.0,1,0.31,0.01,12.5176,0.383319,438.0,3162.0,157.0,6.13725,28.0,False,3,4,3,3,4,4,4,2022-02-28 23:23:54+00,2022-12-12 18:10:53+00,,14.5982,15.9658,,,,12.818,12.218,11.965,3162.0,229.006270911694,62.7183462414147,4.91775,9.82055,97.0798,173.151278462523,72.3718936425073,26480612.3617072,19.386646797711048,"Sector 15, Sector 16, Sector 21, Sector 22, Sector 23",5.0
spoc-s20-b02,SPOC,81212286,1724.01,PC,127.033288976573,56.4275616950096,127.032597475,56.42752878,12.507,0.00772889,1843.02782146906,0.0020229782,0.685080805288586,9.90565e-05,1.05658868353125,0.5722773,2675.71766622605,338.96216,[20],centroid offset towards a brighter star (TIC 81212289).,4.8452,0.00212178,1,0.380019,0.0113954,1.98063582512353,2.0170252,922.062772886118,3541.0,157.0,170.82953348617,7.6018205,False,2,4,2,2,4,4,4,2020-02-19 23:47:13+00,2020-02-19 23:47:13+00,14.736,12.507,13.6406,15.687,14.546,12.9298,11.096,10.527,10.279,3541.0,127.033288976573,56.4275616950096,4.8452,6.71938,58.3171,114.334831092547,36.0745925341629,234080244.13277152,171.3718305807128,Sector 20,1.0
spoc-s18-b02,SPOC,51024887,1632.01,PC,42.1541460591675,62.1897089490471,42.1551883819,62.1892596768,14.9885,0.010916,1797.3449977301,0.0040512625,8.24918714462144,0.0031995191,4.98078465701191,0.34420857,117724.028261351,11101.498,[18],Check neighbors,5.13581,0.0381304,1,0.165066,0.0050239,8.0476983653632,35.753082,264.417205368086,2990.0,158.0,1.15526028899799,16.019594,False,3,4,3,3,4,4,4,2020-01-14 19:46:38+00,2020-01-14 19:46:38+00,15.869,14.9885,16.5406,,,,12.505,11.975,11.72,2990.0,42.1541460591675,62.1897089490471,5.13581,30.2051,41.5305,61.5787770300704,43.3900850741037,1583017.7649504503,1.1589386931238552,Sector 18,1.0
spoc-s14-s55-b0A-PC,SPOC,22233480,4438.01,PC,270.317084792954,35.5973597197038,270.317238928,35.594899224,11.2695,0.00730865,2396.40957767957,0.00075457105,7.44630337680409,2.3020093e-05,2.00331377616967,0.15890975,4045.72417847442,128.28719,"[40, 52, 53]",potential L1 planet,4.84911,0.00161128,1,0.375858992338181,0.0111301,2.40486443504248,0.3086393,392.843947064714,3353.0,157.0,5.62861139341486,23.146442,False,2,4,1,1,4,4,4,2021-09-09 19:53:44+00,2023-03-09 17:25:41+00,13.69,11.2695,12.5196,,,,9.695,9.128,8.869,3353.0,270.317084792954,35.5973597197038,4.84911,6.85523,30.0346,270.501145450693,59.0360894184074,7712613.490737344,5.646459817085081,,1.0
spoc-s01-s36-b02-L1,SPOC,202185707,4325.01,PC,101.8483,6.1294,101.848587992,6.12871727497,11.559,0.06,1469.36887596215,0.0007408795,1.6500673350986,1.2731499e-05,0.919867870963516,0.27313098,2709.53495756801,331.39545,"[6, 33]",underlying SV at a much shorter period; signal could be linked to that,4.70541,0.396179,1,0.454048991203308,0.0138638,2.39900778402387,1.2909414,712.128278203547,3896.0,147.0,60.7790529263192,10.393739,False,2,4,2,2,4,4,4,2021-07-27 02:26:33+00,2021-07-26 19:28:17+00,13.12,11.8206,12.9913,,,,10.338,9.714,9.475,3468.0,101.848265651266,6.12944814723709,4.77791,4.81664,51.0354,102.313103353094,-16.8048257473643,83282585.58378462,60.971779997344576,Sector 6,1.0
spoc-s01-s36-b0A-CPKP,SPOC,92226327,256.02,KP,11.247108,-15.271294,11.2486320112,-15.2741085299,11.238,0.07,2141.1004876,0.0017719,3.77794175247263,8.518055e-06,1.47593251726274,0.09515379,3469.45073899104,430.44,"[3, 30]",LHS-1140c,5.05701,0.0,2,0.215534999966621,0.00655817,1.56599371757261,0.20743896,394.384409708834,3131.0,0.0,5.71741815401029,17.645792,False,5,5,5,5,5,5,5,2018-11-30 22:06:23+00,2021-12-01 14:35:10+00,14.15,11.2991,12.6706,,,,9.612,9.092,8.821,3166.0,11.2472145795075,-15.2715397578344,5.03724,18.4354,14.9861,4.10213886134999,-18.4515825780233,7834377.902898438,5.73560441913785,Sector 3,1.0
qlp-s46-ffi,SPOC/QLP,203214081,5097.01,KP,134.7180416,21.0761672,134.718851419,21.0747960506,11.522,0.007,3261.80335742757,0.0024045277,5.7459945,6.1e-06,1.185,0.127,3650.0,0.0651263,"[44, 45, 46, 72]",G 9-40 b,4.91,0.0,1,0.32,0.01,2.06081,0.0618536,393.0,3413.0,157.0,3.99828,21.0,False,5,5,5,5,5,5,5,2022-01-06 23:46:15+00,2024-02-01 18:30:49+00,13.821,11.5219,12.7331,13.372,12.135,13.8174,10.058,9.433,9.19,3413.0,134.718041565878,21.0761672346033,4.90906,9.37781,27.9276,131.14688757525,3.79527121026978,9492777.135196615,6.949730426761911,,1.0
spoc-s01-s39-b0A-PC,UNKNOWN,178709444,762.01,PC,166.0757,-47.8214,166.074742335,-47.8214964005,13.497,0.087,2329.5056307,0.0008324,3.47168080203191,3.2942403e-06,1.38169777280993,0.044831026,30624.6434599132,808.0704,"[10, 36, 37]",epoch from qlp-s37-tois; all other parameters from spoc-s01-s39 multisector,4.91468,0.484981,1,0.426784992218018,0.0130268,8.02723404523397,0.29949307,517.892655794469,3399.0,102.0,17.0012170203445,40.89199,False,3,4,3,3,4,4,4,2019-06-11 20:03:40+00,2021-11-09 14:50:00+00,16.0,13.6615,14.9535,,,,11.999,11.348,11.084,3296.0,166.075762910313,-47.8213908465722,4.8023,5.42029,98.4458,192.671741691424,-48.0883652713363,23296109.670774154,17.055249470028585,Sector 10,1.0
spoc-s01-s65-b0A-CP,SPOC,181804752,736.01,CP,165.6915,-16.4062,165.690484347,-16.406444499,13.508,0.059,1546.50806644171,0.00066380855,4.98991757887488,5.5999312e-06,1.38196537505452,0.09407357,18931.4105811678,1268.5297,"[9, 36, 63]",LP 791-18 c / TOI 736.01,5.14315,0.410207,1,0.171430006623268,0.00518929,2.98584359524395,1.2432178,312.057088865798,2940.0,67.0,2.24107923996247,26.609259,False,5,5,5,5,5,5,5,2019-06-06 16:40:58+00,2024-02-14 15:08:38+00,16.91,13.5571,15.0715,16.2672,14.3142,13.2565,11.559,10.993,10.644,2949.0,165.691476612015,-16.4061904736575,5.12123,28.1241,26.4927,173.544988680275,-20.698071013271,3070847.614428173,2.248189628597941,Sector 9,1.0
spoc-s01-s36-b0A-PC,SPOC/QLP,29960110,1201.01,CP,42.247,-14.5376,42.2476999128,-14.5372834894,10.714,0.06,1411.67087660889,0.0007329533,2.49197708495188,7.121616e-06,1.43381409016892,0.28704116,2093.95942014684,134.34839,"[4, 31]", TOI-1201 b,4.68962,0.389814,1,0.482387989759445,0.0146884,2.21875850704585,0.9862666,639.98174261374,3948.0,159.0,39.6452663744451,17.341845,False,5,5,5,5,5,5,5,2019-01-31 17:54:44+00,2024-05-16 14:28:51+00,12.26,10.9473,12.0966,,,,9.528,8.876,8.646,3506.0,42.2469701843868,-14.5374842373692,4.75286,4.27954,37.8871,34.7587056995478,-29.2863355003103,54324230.54506891,39.771159962207896,Sector 4,1.0
qlp-s39-ffi,UNKNOWN,406941612,912.01,PC,229.3404,-80.4729,229.328566538,-80.4733446032,10.366,0.049,2386.2542525,0.0014867,4.6780703,1.33e-05,1.491,0.274,1400.0,1.44866,"[12, 13, 39]",Potentially small planet (2.22 Re),4.83519,0.370781,1,0.43,0.01,1.81115,0.0783124,535.0,3566.0,66.0,13.6654,32.0,False,2,4,1,1,4,4,4,2019-07-22 19:45:36+00,2021-08-24 18:20:54+00,12.67,10.4904,11.6502,,,,9.089,8.468,8.204,3482.0,229.340297382599,-80.4729404629686,4.80259,5.42798,26.1072,258.00290939802,-58.7469214461554,19477662.17457342,14.259736590141573,"Sector 12, Sector 13",2.0
spoc-s14-s60-b0A-PC,SPOC,236934937,2291.01,PC,304.298914377292,65.8710010876859,304.299052882,65.8715592686,11.9959,0.00724682,2620.2042245,0.0053628,9.40587695355499,2.2470413e-05,1.55603223206225,0.23701163,1425.93301811034,123.229774,"[15, 16, 17, 18, 21, 24, 25, 41, 48, 51, 52, 55, 56, 57, 58, 59]",centroid scatter between sectors,4.75875,0.00699799,1,0.475701004266739,0.0139575,1.97759596735134,0.31728247,451.520286781413,3869.0,157.0,9.82268175097385,11.860927,False,2,4,1,1,4,4,4,2020-09-30 13:26:56+00,2023-05-25 13:26:01+00,13.645,11.9959,12.9547,,,,10.774,10.173,10.002,3869.0,304.298914377292,65.8710010876859,4.75875,4.39896,69.3787,12.9998683798541,76.3247683383206,13459598.010802086,9.853868525031789,"Sector 15, Sector 16, Sector 17, Sector 18, Sector 21, Sector 22, Sector 24, Sector 25",8.0
qlp-s55-tois,SPOC,298428237,4574.01,PC,312.065154300236,24.4845294259178,312.065404002,24.4845490146,11.7495,0.00732052,2823.5267008,0.0021049,0.768988,2.3e-06,0.512,0.211,870.0,372.616,"[14, 15, 41, 55]",some centroid variation between sectors but not centered on another star,4.69992,0.0093548,1,0.54,0.02,2.01326,1.15468,807.0,3734.0,157.0,70.4453,11.0,False,2,4,1,1,4,4,4,2021-11-01 23:15:40+00,2022-12-07 16:14:14+00,13.563,11.7495,12.7734,,,,10.459,9.776,9.605,3734.0,312.065154300236,24.4845294259178,4.69992,3.36504,69.81,323.267492182806,40.4659124829606,393441905.2657288,288.0416490607708,"Sector 14, Sector 15",2.0
spoc-s18-b02,SPOC,427654774,1474.01,PC,349.287338823568,70.1900205123051,349.289072331,70.1905763421,14.1431,0.00750768,1765.04247419616,0.003387887,5.222621,0.0014355369,4.6936290484816,0.6133603,15867.9920175369,2007.716,"[17, 18]",3-sigma centroid offset towards another star.,4.95337,0.00864275,1,0.275946,0.00848293,3.72160154867344,0.3812006,329.650849473633,3453.0,157.0,2.79085837659531,8.069622,False,2,4,2,2,4,4,4,2019-12-05 16:42:06+00,2019-12-05 16:42:06+00,16.502,14.1431,15.335,,,,12.71,12.171,11.928,3453.0,349.287338823568,70.1900205123051,4.95337,11.8707,83.8106,43.5396649178267,62.6536118625798,9653520.17583241,7.067411563112919,"Sector 17, Sector 18, Sector 24, Sector 25",4.0
spoc-s14-s60-b0A-PC,SPOC,232635922,1745.01,PC,281.137146126413,54.9501112355552,281.136290008,54.9498991344,12.7963,0.00751927,2653.4783642,0.0045755,5.9848710165382,1.6876244e-05,2.2695614064723,0.20378387,2583.77882624411,195.18314,"[14, 15, 16, 18, 19, 22, 25, 26, 40, 41, 48, 49, 52, 53, 55, 56, 57, 58, 59, 60]",slightly v-shaped; very close neighboring TIC 1717744910; possible depth aperture correlation; ~500 ppm secondary,4.80439,0.00478617,1,0.424468010663986,0.0126086,3.44435025287855,4.0503216,519.0,3759.0,157.0,13.8196716734023,16.766644,False,2,4,1,1,4,4,4,2020-02-27 22:12:18+00,2023-05-19 14:33:47+00,14.523,12.7963,13.8434,,,,11.518,10.922,10.756,3759.0,281.137146126413,54.9501112355552,4.80439,5.47617,84.0287,300.103338670041,77.2224135189045,18936559.172342394,13.86359118979564,"Sector 14, Sector 15, Sector 16, Sector 18, Sector 19, Sector 22, Sector 25",7.0
qlp-s48-tois,SPOC,67646988,1779.01,KP,147.769065269796,35.9692960208368,147.768528094,35.9685562329,12.4368,0.00744837,2633.119867,0.0003654,1.8817191,9e-07,1.236,0.0,99270.0,0.740199,"[21, 48]",LP 261-75 b; BD from Irwin et al. 2018 with measured mass,4.91873,0.00487072,1,0.31,0.01,10.9698,0.330624,606.0,3138.0,157.0,22.5072,111.0,False,5,5,5,5,5,5,5,2020-03-12 15:35:30+00,2022-06-29 19:28:25+00,15.436,12.4368,13.833,14.727,13.5432,12.1537,10.577,9.96,9.69,3138.0,147.769065269796,35.9692960208368,4.91873,9.87196,33.928,137.394492878815,21.5422277323533,29040623.822204273,21.260849603327344,Sector 21,1.0
spoc-s14-s60-b0A-PC,SPOC,364074068,1756.01,PC,306.329027000245,77.6361875801295,306.328774094,77.6364118829,12.0948,0.00730715,1764.85187394754,0.0011853226,2.78301136608212,8.9497225e-06,1.74062950244565,0.55205333,916.264070077732,78.660675,"[17, 18, 19, 24, 40, 50, 52, 53, 57, 58, 59, 60]",slightly v-shaped; L1 candidate,4.68309,0.00975251,1,0.562606990337372,0.0165054,1.7104602676289,1.8643507,696.392407280989,3756.0,157.0,55.5823764483296,13.553055,False,2,4,1,1,4,4,4,2020-02-27 22:12:19+00,2023-05-19 16:19:52+00,13.88,12.0948,13.1096,13.3906,12.6201,13.1002,10.812,10.132,9.963,3756.0,306.329027000245,77.6361875801295,4.68309,3.12474,86.7159,61.1527215075428,74.7571365050094,76162747.05031383,55.75929499058801,"Sector 17, Sector 18, Sector 19, Sector 20, Sector 23, Sector 24, Sector 25",7.0
spoc-s01-s36-b0A-PC,UNKNOWN,55488511,557.01,PC,59.0172,-10.272,59.0178131638,-10.2720080664,11.632,0.04,1439.54964943236,0.0013834393,3.34490399270253,1.7267552e-05,1.34083490517831,0.41858247,1399.49505682989,150.70146,"[5, 31]",Low SNR; no GAIA radius,4.71022,0.33376,1,0.573952972888947,0.017047,2.25405324900739,1.2301857,674.554089377276,3883.0,65.0,48.9314538419313,9.153862,False,2,4,2,2,4,4,4,2019-04-03 17:54:53+00,2021-07-13 21:37:49+00,13.343,11.6434,12.6128,,,,10.405,9.783,9.611,3841.0,59.0171696794812,-10.2720294753327,4.67336,2.99513,75.9623,54.2277032585353,-29.9447169617048,67048821.67165286,49.08692466004766,Sector 5,1.0
qlp-s63-ffi,SPOC/QLP,307210830,175.02,CP,124.5319,-68.313,124.53286045,-68.3144657887,9.393,0.009,3039.1545027,0.0004444,7.4507305,3.2e-06,0.475,0.12,1542.0,4343.43,"[2, 5, 8, 9, 10, 11, 12, 28, 29, 32, 35, 36, 37, 38, 39, 61, 62, 63]",L 98-59 d/TOI 175.02,4.9401,0.058929,2,0.31,0.01,3.04528,0.856434,329.0,3469.0,68.0,1.96064,40.0,False,5,5,5,5,5,5,5,2019-05-07 17:42:41+00,2023-05-11 16:24:25+00,11.685,9.41242,10.5976,,,,7.933,7.359,7.101,3429.0,124.531756290083,-68.3129998725044,4.91039,9.44434,10.6194,203.32278202704,-76.8138284862677,6808107.7680241745,4.984264670944658,"Sector 2, Sector 5, Sector 8, Sector 9, Sector 10, Sector 11, Sector 12",7.0
spoc-s14-s55-b0A-PC,SPOC,198385543,1846.01,PC,257.95542174938,54.5269385069889,257.954964533,54.5278483363,11.8467,0.00753198,2884.34980261603,0.0025567953,3.93067462792567,7.234096e-06,1.43051415609098,0.15883589,1637.19842694826,85.50518,"[17, 20, 23, 24, 25, 26, 40, 47, 50, 51, 52, 53, 54, 58]",L1 candidate; possible secondary at phase 0.3; two stars in pixel,4.81618,0.00391692,1,0.411451995372772,0.0121252,1.79020057546811,0.24769609,523.443226366455,3512.0,157.0,17.7418677825478,19.41492,False,2,4,1,1,4,4,4,2020-05-07 18:04:46+00,2023-03-22 15:34:06+00,13.971,11.8467,12.9919,,,,10.385,9.804,9.596,3512.0,257.95542174938,54.5269385069889,4.81618,5.80494,47.2496,238.390516275511,76.6414031328666,24310816.545614712,17.798123672371045,"Sector 17, Sector 20, Sector 23, Sector 24, Sector 25",5.0
spoc-s01-s39-b02-L1,SPOC,107018378,4556.01,PC,182.92642437559,-32.5313632626858,182.925066234,-32.5325803817,13.0454,0.00735164,1570.93492543009,0.0020804948,3.79242208071527,2.1155918e-05,1.23084287531311,0.23922932,3704.22836365673,621.85425,"[10, 37]",small planet around M dwarf; low SNR with some odd-even depth difference,5.03236,0.0204889,1,0.218553006649017,0.00658607,1.56026239485541,0.21874163,414.650410639483,3319.0,157.0,6.98633491047463,8.390083,False,2,4,2,2,4,4,4,2021-10-28 01:47:23+00,2021-10-27 21:46:53+00,18.26,13.0454,14.3226,,,,11.505,11.001,10.729,3319.0,182.92642437559,-32.5313632626858,5.03236,17.9779,36.6717,196.749236513618,-28.4417230293333,9573057.370330336,7.008504164397421,Sector 10,1.0
spoc-s07-b01,SPOC,108645766,497.01,EB,112.4454,-28.4832,112.446413796,-28.4839164595,13.171,0.059,1492.914449,0.006628,2.974175,0.001636,3.031634,0.343247,11707.257241,1687.3541,[7],TFOP FP; retired as NEB,4.94824,0.506965,1,0.302,0.065,3.756355,0.897648,492.177726931967,3333.0,102.0,13.8678401334875,7.1741686,False,5,5,5,5,5,5,5,2019-03-14 21:38:48+00,2021-12-07 20:23:18+00,15.62,13.2312,14.5292,,,,11.585,11.013,10.76,3301.0,112.445395367513,-28.4831777558872,4.91483,9.66974,56.336,121.130808757729,-49.5250860680387,19583318.402236495,14.33708827444947,Sector 7,1.0
qlp-s41-faintsearch,FAINT,419411415,5205.01,PC,313.7704845,24.3607524,313.77068194,24.3609770107,13.614,0.009,2443.4706733,0.0005016,1.6306523,5.68e-05,1.202,0.083,68050.0,37.07,[41],found in faint-star QLP search,4.83,0.0,1,0.4,0.01,11.1125,0.428663,653.0,3262.0,157.0,30.1966,84.0,False,3,4,3,3,4,4,4,2022-02-28 23:23:27+00,2022-02-28 13:03:06+00,15.899,13.6136,14.9317,15.6797,14.1879,13.3621,11.926,11.24,11.006,3262.0,313.770484511491,24.3607524298132,4.82888,6.18556,86.4493,325.109386384431,39.8000757723772,56053650.51127209,41.03728076000991,Sector 15,1.0
qlp-s57-faintsearch,FAINT,352147273,6225.01,PC,0.4848284,35.9980314,0.485039184424,35.9977737607,13.104,0.007,2867.4156635,0.0030882,8.555965,2.89e-05,1.865,0.302,12373.0,879.777,"[17, 57]",found in faint-star QLP search,4.79,0.01,1,0.44,0.01,5.09342,0.256758,394.0,3376.0,157.0,4.00885,11.0,False,3,4,3,3,4,4,4,2023-04-03 20:51:28+00,2023-04-03 15:55:20+00,15.523,13.104,14.354,14.9693,13.6304,12.9139,11.509,10.868,10.61,3376.0,0.48482840124353,35.9980313816775,4.78598,5.00682,83.7373,16.5285280722457,32.4479863985205,8121055.62396252,5.945483240938774,Sector 17,1.0
spoc-s14-s60-b0A-PC,SPOC,71347873,2293.01,PC,115.592795658996,70.4045965394799,115.59337663,70.4040764939,11.814,0.00726537,2600.3145328,0.0033197,6.06833180313888,1.6921622e-05,1.9825707034461,0.36568373,1742.73323852595,121.83509,"[20, 26, 40, 47, 53, 60]",,4.73795,0.00814435,1,0.499375998973846,0.0148842,2.1199938717551,0.8297539,503.423488745576,3668.0,157.0,15.1794103574242,13.326022,False,3,4,3,3,4,4,4,2020-09-30 13:26:56+00,2023-05-22 13:19:13+00,13.683,11.814,12.872,,,,10.472,9.829,9.636,3668.0,115.592795658996,70.4045965394799,4.73795,3.99445,62.7576,102.522809362994,48.075807570963,20799671.821648795,15.227589362612905,Sector 20,1.0
spoc-s01-s65-b02,SPOC,34986694,6717.01,PC,164.325705841788,-4.67355965004113,164.325075466,-4.67441426436,13.9087,0.00809763,2281.31796489985,0.00067731325,0.470747585270121,1.26019995e-05,0.500960662692243,0.14795181,5060.83352771705,976.0742,"[36, 45, 62]",low SNR; V-shaped; centroids centered near between target and TIC 902821804,5.0301,0.0195213,1,0.219972997903824,0.00682326,1.85290696497255,0.4036643,816.546115743047,3254.0,157.0,105.061566187377,7.977471,False,2,4,2,2,4,4,4,2023-10-05 21:59:28+00,2023-10-05 17:45:51+00,16.56,13.9087,15.2361,,,,12.29,11.825,11.542,3254.0,164.325705841788,-4.67355965004113,5.0301,17.769,53.7293,167.391946680763,-10.4783830892117,143961501.62158248,105.39525092107029,Sector 9,1.0
spoc-s56-b02,SPOC,434116397,5955.01,PC,355.466992014676,14.107104215557,355.467833209,14.1068025095,10.3224,0.00724394,2825.84533605843,0.0022007937,0.590238672714306,8.353142e-05,1.04505204681999,0.16586141,518.724099889653,57.798515,[56],low SNR; two stars in pixel; possibly asymmetric transits,4.6589,0.0104867,1,0.590924024581909,0.0174113,1.68029012004386,0.17729063,1216.16850928088,3844.0,157.0,517.006516623626,9.309872,False,2,4,2,2,4,4,4,2022-11-16 01:06:35+00,2022-11-15 15:13:06+00,11.98,10.3224,11.2716,,,,9.098,8.429,8.274,3844.0,355.466992014676,14.107104215557,4.6589,2.81383,42.8747,1.57761620578514,14.7209863712275,708437246.449849,518.652004253755,,1.0
spoc-s01-s36-b0H,SPOC,170789802,4508.01,PC,69.6142940886827,-31.1894233927199,69.6147309577,-31.1893350745,11.8371,0.00741755,1438.01209905518,0.00049501995,3.46727789358939,9.109895e-06,0.405592768803134,0.23701005,3657.06035533876,419.9717,"[5, 32]",potential L1 planet; low MES,4.89132,0.00204166,1,0.332563996315002,0.0099286,2.113546581762,1.3841863,492.998842188553,3383.0,157.0,13.9606165624412,9.370191,False,2,4,2,2,4,4,4,2021-10-21 22:52:35+00,2021-10-21 18:51:44+00,14.226,11.8371,13.0699,,,,10.315,9.71,9.439,3383.0,69.6142940886827,-31.1894233927199,4.89132,8.53844,33.4412,60.6402525208533,-52.5708676372576,19129642.895409685,14.004949172396737,Sector 5,1.0
spoc-s58-b0A,SPOC,284441182,1470.01,PC,10.0887087707778,61.2136262085634,10.0891430939,61.2133868109,11.4752,0.00729855,2883.4436138045,0.002269791,2.52728224243905,0.00038589767,1.26586097030192,0.41272178,1847.4872235657,195.67229,"[17, 18, 24, 58]",crowded field; L1 candidate,4.74607,0.00772316,1,0.490119993686676,0.0145314,2.2007181499311,1.1227379,661.896336049759,3624.0,157.0,45.3608213669348,7.901595,False,2,4,1,1,4,4,4,2019-12-05 16:42:06+00,2023-02-21 17:45:22+00,13.459,11.4752,12.5555,,,,10.154,9.514,9.283,3624.0,10.0887087707778,61.2136262085634,4.74607,4.14664,51.9503,41.9420146250263,50.4030208629888,62156435.125777185,45.50517327653658,"Sector 17, Sector 18, Sector 24",3.0
spoc-s14-s50-b02,SPOC,310380289,5736.01,PC,213.75861772914,49.5012949008017,213.758397095,49.5009379442,11.982,0.00728308,1738.89860346742,0.001609709,0.648986500319084,2.4366447e-05,1.058595110924,0.32323042,561.929799830587,117.976585,"[16, 49, 50]",very low SNR; v-shaped,4.66859,0.0104214,1,0.579535007476807,0.017258,1.61684731635841,0.44353673,1202.09225376121,3949.0,157.0,493.48299979353,7.809917,False,2,4,2,2,4,4,4,2022-08-18 20:04:16+00,2022-08-18 15:58:32+00,13.553,11.982,12.9042,,,,10.829,10.159,10.004,3949.0,213.75861772914,49.5012949008017,4.66859,2.93389,92.3604,183.035124776791,57.2696426266794,676199446.2884738,495.0504788537026,"Sector 16, Sector 22, Sector 23",3.0
spoc-s01s02,SPOC,316937670,221.01,EB,356.4904,-56.3447,356.492463608,-56.3440469734,11.78,0.04,1325.342966,0.001421,0.62425,3.3e-05,0.774288,0.553938,954.060325,141.39258,"[2, 1]","TFOP FP; event is on  event is on the dT= 0.24 fainter neighbor ~8"" W TIC 316937669; M dwarf; low MES USP.",4.75169,0.35062,1,0.525,0.079,1.671618,2.989466,1106.21127282771,3765.0,73.0,353.894098980242,7.4479375,False,5,5,5,5,5,5,5,2018-11-14 15:06:55+00,2022-10-03 15:15:12+00,13.82,12.1535,13.3363,,,,10.709,10.063,9.844,3460.0,356.49036861439,-56.3446719329332,4.83143,6.26566,50.1632,326.781491805101,-48.6081261009706,253076316.95760185,185.27899214360502,"Sector 1, Sector 2",2.0
spoc-s42-b02,SPOC,39926974,4526.01,KP,335.6244216,-7.9555149,335.623314512,-7.95635252398,13.345,0.008,2448.65422537103,0.0027132186,2.26026548696204,0.0004324147,1.01034931784601,0.44925383,6129.67882695305,861.4576,[42],K2-28 b,4.88,0.0,1,0.34102401137352,0.0103601,2.72623736429689,1.4096905,547.936777699069,3236.0,157.0,21.3031000651891,7.13926,False,5,5,5,5,5,5,5,2021-10-21 22:56:08+00,2021-10-21 16:34:29+00,16.526,13.3455,14.6799,15.4489,13.9086,13.1031,11.695,11.028,10.746,3236.0,335.62442159755,-7.95551487236881,4.88282,8.16519,62.9969,334.510713212311,2.04047933292824,29190850.911532853,21.370831936080073,,1.0
spoc-s01-s36-b0A-CPKP,UNKNOWN,231702397,122.01,CP,332.947,-58.9451,332.948235507,-58.9460850226,13.048,0.04,1329.12024838283,0.0009877153,5.07802548638435,1.3443171e-05,1.24141580272646,0.2258655,6130.39472316019,466.36487,"[1, 27, 28]",TOI-122 b,4.9581,0.407256,1,0.334125012159348,0.0100409,2.70904209639004,0.5059658,431.253643983621,3318.0,64.0,8.17432899325454,11.881052,False,5,5,5,5,5,5,5,2018-09-05 18:51:57+00,2021-12-01 15:01:58+00,15.526,13.084,14.3357,,,,11.531,11.02,10.771,3356.0,332.947082555841,-58.9450697244304,4.88974,8.46769,62.118,309.565382662264,-43.8407227095147,11200931.766012648,8.200282719555265,Sector 1,1.0
spoc-s01-s39-b0A-PC,UNKNOWN,73649615,756.01,PC,192.1051,-45.4706,192.103738012,-45.4704709382,12.396,0.04,2308.0043499705,0.00259373,1.23925278804549,6.727919e-06,1.14927064500414,0.17487271,2777.3856259454,195.78069,"[10, 11, 37]",,4.81257,0.359456,1,0.50762802362442,0.0151246,2.86671207184412,0.3954305,827.952726284317,3614.0,64.0,111.056290695781,15.762,False,2,4,2,2,4,4,4,2019-06-05 19:57:31+00,2022-03-21 18:56:44+00,14.607,12.5554,13.6961,,,,11.138,10.517,10.274,3533.0,192.105066451898,-45.4705966892821,4.73074,3.86476,86.1759,211.397267545893,-36.5530566748838,152177109.26415145,111.40995637498871,"Sector 10, Sector 11",2.0
spoc-s01-s46-b0A,SPOC,212957629,2406.01,CP,8.80508074932719,-3.37063545645493,8.80605442148,-3.37208329904,14.3109,0.007448,2475.9460474142,0.0024959205,3.07668275317247,1.2859529e-05,1.26039927814954,0.1418781,18996.4079681994,1150.9419,"[30, 42, 43]",TOI-2406 b now confirmed (Wells et al. 2021),5.0701,0.0262291,1,0.196600005030632,0.00604985,2.77859546772128,0.24439844,410.298428328761,3163.0,157.0,6.69761863876306,14.266813,False,5,5,5,5,5,5,5,2020-11-24 20:55:50+00,2022-07-15 15:52:05+00,,14.3109,15.6955,,,,12.633,12.129,11.894,3163.0,8.80508074932719,-3.37063545645493,5.0701,21.7997,55.419,6.75294718648718,-6.58787991104599,9177443.27910705,6.718872242371551,Sector 3,1.0
spoc-s14-s55-b0H,SPOC,120045750,5981.01,PC,283.968142716506,39.0617068126511,283.967767362,39.0622382178,11.8086,0.00735168,2423.51717175157,0.0026389682,7.01424581466326,8.121329e-05,2.65553277869672,0.452201,1867.31799224331,142.05846,"[41, 53, 54]",centroid offset only in s54; s53 and s41 on target,4.703,0.00918689,1,0.539524972438812,0.0158695,2.39547869209892,0.75464094,499.592075915102,3721.0,157.0,14.7225543821134,12.583472,False,2,4,1,1,4,4,4,2022-12-01 22:59:55+00,2022-12-01 15:51:28+00,14.42,11.8086,12.8373,13.1493,12.3636,12.426,10.496,9.872,9.653,3721.0,283.968142716506,39.0617068126511,4.703,3.41127,70.6891,293.041115910993,61.3883691777929,20173880.904688206,14.769443330692798,Sector 14,1.0
spoc-s01-s36-b02-L1,SPOC,354944123,4342.01,PC,324.386930624803,-77.978753103862,324.389419575,-77.979146752,11.0318,0.00736425,1654.53242627755,0.0015552475,5.53832899923516,3.8025082e-05,2.22638882354132,0.41871506,1407.11186478991,130.05675,"[13, 27]",potential L1 planet; near 2:1 resonance,4.65275,0.0107329,1,0.59817498922348,0.0177148,2.27214086268217,1.1171762,585.01697007936,3883.0,157.0,27.6818339104765,8.499877,False,2,4,1,1,4,4,4,2021-07-28 19:58:06+00,2021-07-28 15:42:52+00,12.669,11.0318,11.9822,,,,9.832,9.179,9.018,3883.0,324.386930624803,-77.978753103862,4.65275,2.74066,61.5204,288.696846156968,-58.1160617981914,37931266.24268376,27.76975287400196,Sector 13,1.0
qlp-s69-ffi,SPOC,262530407,177.01,CP,20.4391,-46.7144,20.438428052,-46.7147233938,9.438,0.016,3204.9632806,0.0008831,2.8531016,1.7e-06,1.142,0.173,1395.0,120.577,"[2, 3, 29, 69]",GJ 3090 b,4.76229,0.061557,1,0.52,0.02,2.02068,0.114301,610.0,3703.0,66.0,23.0419,28.0,False,5,5,5,5,5,5,5,2018-12-20 17:24:11+00,2023-10-27 19:29:35+00,11.403,9.49275,10.5521,,,,8.168,7.536,7.294,3639.0,20.439126387292,-46.7143796925629,4.72187,3.71241,22.4751,353.792042946953,-49.7397699781369,57872260.205260776,42.368697999108036,"Sector 2, Sector 3",2.0
qlp-s34-tois,QLP,149788158,727.01,PC,130.7368334,-2.4980677,130.736930668,-2.4985850341,11.0,0.007,2245.5184598,0.0032401,4.7244442,4.31e-05,0.999,0.373,1480.0,25.7038,"[8, 34]",SG1 to check if signal is real and if it is on the target or neighbor 149788157; period might be double,4.74,0.01,1,0.5,0.01,1.97562,0.283431,441.0,3653.0,157.0,6.29202,10.0,False,2,4,2,2,4,4,4,2019-05-24 18:24:57+00,2021-06-11 19:23:33+00,12.68,11.0002,12.0657,14.4583,13.0816,11.0801,9.662,9.078,8.827,3653.0,130.736833368722,-2.49806772159504,4.73985,4.02951,42.972,133.912702491276,-19.9441616998394,28403099.710215405,20.79411361492455,Sector 8,1.0
spoc-s01-s65-b02,SPOC,269849065,6708.01,PC,69.1423349510763,-81.2936393248563,69.1445642746,-81.2929434029,12.8676,0.00741293,1326.14361495557,0.0016489109,4.22907888070396,1.625887e-05,1.36133034615587,0.49661434,2875.46871398266,373.55588,"[1, 8, 12, 65]",low SNR; flaring M dwarf host,4.90343,0.00309515,1,0.320782005786896,0.00968521,1.73039501820994,1.1783267,440.466119848921,3264.0,157.0,8.89551376652748,8.59567,False,2,4,2,2,4,4,4,2023-10-05 21:59:27+00,2023-10-05 17:17:48+00,15.73,12.8676,14.1821,,,,11.222,10.594,10.391,3264.0,69.1423349510763,-81.2936393248563,4.90343,9.10236,49.5741,281.563209424359,-74.4028600819999,12189143.07598767,8.9237593282644,"Sector 1, Sector 8, Sector 12",3.0
spoc-s01-s36-b0A-CPKP,SPOC,410153553,136.01,PC,340.4921,-69.169,340.496203768,-69.1721081099,11.877,0.064,1325.72466059913,0.00015644342,0.462930687284513,3.872269e-06,0.631015387260145,0.02220172,4677.67360234729,171.68126,"[1, 27, 28]",LHS 3844 b,5.09707,0.426694,1,0.188623994588852,0.00571031,1.51719725189759,0.061799914,723.37204669151,3043.0,63.0,64.7094771663566,38.885654,False,5,5,5,5,5,5,5,2018-09-05 18:51:57+00,2020-10-27 13:01:47+00,15.24,11.9238,13.3925,,,,10.046,9.477,9.145,3004.0,340.49215556875,-69.1689780353653,5.08528,23.5297,14.8846,304.887051401227,-54.1225694496447,88668743.18660833,64.91502472357858,Sector 1,1.0
qlp-s08-b03b,QLP,119081096,716.01,PC,136.2385,-18.5025,136.238912381,-18.5026744454,12.382,0.04,1518.10991,0.00404,0.83707,0.00029,2.497,0.567,2745.5,16.2657,[8],potentially planet on a neighboring star; centroid shift in y; long transit duration; depth increase with larger aperture,4.72,0.33,1,0.52,0.04,2.98849,0.323354,1998.0,3776.0,152.8,2645.93,17.0,False,2,4,2,2,4,4,4,2019-05-24 15:54:20+00,2019-05-24 15:54:20+00,14.128,12.4268,13.416,,,,11.184,10.572,10.365,3817.0,136.238482652044,-18.502504731515,4.73434,3.92898,88.8248,145.226169641644,-33.5087104259425,346010659.6676787,253.3168929628117,Sector 8,1.0
qlp-s46-tois,UNKNOWN,35009898,654.01,PC,164.7242,-5.5464,164.724550885,-5.54754455968,12.172,0.04,2576.0679229,0.0011757,1.5275657,4e-06,1.12,0.143,2830.0,4.79704,"[9, 36, 45, 46]",check neighbor TIC 35009899 (Tmag ~ 16.2),4.89676,0.432223,1,0.43,0.01,2.37126,0.125097,752.0,3433.0,86.0,53.3454,24.0,False,2,4,1,1,4,4,4,2019-05-07 15:39:33+00,2022-03-10 15:13:57+00,14.54,12.2255,13.4339,,,,10.744,10.139,9.918,3424.0,164.724121877903,-5.54639882104217,4.80125,5.39244,57.7553,168.110694832919,-11.1271328524427,81348149.5618517,59.55556547036431,Sector 9,1.0
spoc-s14-s60-b0A-CP,SPOC,28900646,1685.01,CP,68.5937301406661,43.0374137479968,68.5939529125,43.0370395459,11.1117,0.00726491,2910.93809287104,0.0017795281,0.669144914216613,9.728104e-06,0.992163136341835,0.098100126,1254.37119318744,91.66477,"[19, 59]",TOI-1685 b,4.7705,0.00663534,1,0.462408006191254,0.013731,1.92004069815713,0.14984521,964.704854969071,3457.0,157.0,204.691052152923,13.492256,False,5,5,5,5,5,5,5,2020-01-30 21:16:42+00,2023-06-13 16:02:04+00,13.378,11.1117,12.2956,,,,9.616,9.005,8.758,3457.0,68.5937301406661,43.0374137479968,4.7705,4.6495,37.6153,73.4168037608145,20.822692011547,280480540.18934274,205.3418211032423,Sector 19,1.0
qlp-s63-ffi,QLP,306996324,776.02,CP,178.5766,-37.5527,178.577997028,-37.553356837,9.652,0.04,3031.0668296,0.0025422,8.2466307,3.44e-05,2.45921744099086,0.22746527,1086.26202113663,71.85391,"[10, 37, 63]",TOI 776.02 / TOI-776 b,4.73575,0.338566,2,0.53302401304245,0.0157771,1.8754314587068,0.280195,474.6701688941,3806.0,66.0,11.997444716601,18.0,False,5,5,5,5,5,5,5,2019-06-11 20:03:40+00,2023-09-21 13:06:32+00,11.536,9.73597,10.7409,,,,8.483,7.877,7.615,3747.0,178.576633271141,-37.5527322695786,4.70863,3.49796,27.1701,195.807046207013,-34.5434259682541,16439654.31454593,12.035589181972426,Sector 10,1.0
spoc-s01-s65-b0A-CP,SPOC/QLP,158588995,674.01,CP,164.5874,-36.8581,164.586559228,-36.8581091571,11.764,0.046,2301.7781424,0.0003876,1.97716584192518,8.690407e-07,1.11041534486808,0.020793837,13877.3059698331,134.98889,"[9, 10, 36, 63]",TOI-674 b ,4.87946,0.378912,1,0.421943992376328,0.0125279,5.2706002713204,0.17071044,644.286563678195,3467.0,64.0,40.7227688701156,127.449066,False,5,5,5,5,5,5,5,2019-05-07 15:39:33+00,2024-02-14 14:35:48+00,14.203,11.8764,13.0914,,,,10.359,9.737,9.469,3411.0,164.587437802105,-36.858092938336,4.80667,5.53792,46.0851,183.227832467027,-39.414346908707,55800892.72777016,40.85223496850056,"Sector 9, Sector 10",2.0
qlp-s62-ffi,QLP,296739893,620.01,CP,142.1733,-12.1655,142.173445853,-12.1671651592,10.097,0.046,3006.8512944,0.0008304,5.0987802,7.1e-06,0.905,0.074,2254.0,155.617,"[8, 35, 62]",TOI-620 b,4.80423,0.365746,1,0.55,0.02,3.00392,0.130467,383.0,3633.0,70.0,3.59572,16.0,False,5,5,5,5,5,5,5,2019-04-13 14:19:49+00,2023-04-12 16:52:33+00,12.262,10.2139,11.3104,,,,8.837,8.201,7.954,3586.0,142.173287857557,-12.1654866211014,4.69614,3.30922,33.0231,148.876714955773,-25.5827967725846,27168881.79418598,19.890533800279854,Sector 8,1.0
qlp-s49-tois,SPOC,441739871,1763.01,PC,259.564243371663,74.3028859140774,259.564164355,74.3027209274,12.8123,0.00736312,2657.0483371,0.0043902,3.7979081,2.3e-05,0.642,0.348,1470.0,74.2888,"[14, 15, 16, 17, 18, 19, 20, 21, 22, 23, 24, 25, 26, 41, 47, 48, 49]",,4.76125,0.00700592,1,0.47,0.01,2.28065,0.453369,378.0,3520.0,157.0,3.40655,8.0,False,2,4,1,1,4,4,4,2020-02-27 22:12:19+00,2022-08-19 15:07:10+00,15.63,12.8123,13.9597,16.2255,15.5016,12.8598,11.391,10.736,10.538,3520.0,259.564243371663,74.3028859140774,4.76125,4.45082,88.0677,109.443688657676,81.5342938047469,30658711.34231391,22.445463116476756,"Sector 14, Sector 15, Sector 16, Sector 17, Sector 18, Sector 19, Sector 20, Sector 21, Sector 22, Sector 23, Sector 24, Sector 25",12.0
spoc-s02,SPOC,305048087,237.01,PC,353.2427,-29.4151,353.243538137,-29.4164870339,13.458,0.042,1355.24981,0.00261,5.433729,0.001053,1.172585,0.472631,6530.706532,843.5729,[2],low MES.,5.04944,0.547167,1,0.214,0.049,1.741587,0.971689,344.377881135219,3139.0,98.0,3.32400753936527,7.68747,False,2,4,1,1,4,4,4,2018-11-29 21:52:42+00,2018-11-29 21:52:42+00,16.37,13.4102,14.754,,,,11.74,11.19,10.896,3210.0,353.242791548842,-29.4150524465489,5.04424,19.1106,38.0749,341.502309849602,-24.1945193413885,4978623.918162387,3.6448863841088275,Sector 2,1.0
qlp-s69-faintsearch,FAINT,201254754,6858.01,PC,1.5127597,-58.9351765,1.51215561068,-58.9352213152,11.827,0.007,3202.5326098,0.0025843,3.3024845,7.5e-06,1.465,0.271,1241.0,112.811,"[1, 2, 28, 68, 69]",found in faint-star QLP search,4.75,0.01,1,0.49,0.01,1.73871,0.106468,631.0,3634.0,157.0,26.3567,11.0,False,2,4,2,2,4,4,4,2023-12-12 20:13:35+00,2023-12-12 14:08:09+00,13.733,11.8272,12.9025,,,,10.509,9.87,9.657,3634.0,1.51275966713818,-58.9351765467781,4.74888,4.20098,61.1486,327.530611066403,-52.3089714241625,43610138.94408579,31.927296429544818,"Sector 1, Sector 2",2.0
spoc-s06-b02,SPOC,438490744,529.01,PC,100.256,16.5896,100.255964839,16.588795428,14.277,0.059,1468.4958,0.002003,1.665878,0.000283,4.956738,0.144742,85643.986097,2600.0479,[6],,5.10725,0.532457,1,0.172,0.038,6.98229,5.428897,463.550412338525,3021.0,97.0,10.9121138539285,19.085302,False,3,4,3,3,4,4,4,2019-03-28 00:07:14+00,2019-03-28 00:07:14+00,17.42,14.1396,15.5099,,,,12.412,11.874,11.621,3181.0,100.255976035327,16.5896096817458,4.99382,14.7053,63.0507,99.8889041327859,-6.498296356294,27657757.542119246,20.248443252058788,Sector 6,1.0
qlp-s46-faintsearch,FAINT,291109653,5486.01,PC,190.5497615,3.7890185,190.549504069,3.78860121053,12.294,0.007,2691.0629649,0.0014577,2.0247088,7.2e-06,1.34,0.178,4390.0,5.13444,"[23, 46, 50]",found in faint-star QLP search,4.69,0.01,1,0.55,0.02,3.7963,0.178134,752.0,3654.0,157.0,53.3297,20.0,False,2,4,1,1,4,4,4,2022-04-20 19:54:43+00,2022-12-12 17:59:44+00,14.297,12.2937,13.3657,13.6971,12.8522,12.5225,10.983,10.342,10.09,3654.0,190.549761511072,3.78901852904773,4.69117,3.23747,89.6811,188.198356901365,7.66028949144244,101825470.10908584,74.54715914615142,Sector 23,1.0
qlp-s64-faintsearch,FAINT,144077896,6578.01,PC,188.1326469,-37.073787,188.132335677,-37.0738436137,12.044,0.007,3061.0451624,0.0027174,2.7543175,9.9e-06,1.471,0.36,1368.0,175.862,"[10, 37, 64]",found in faint-star QLP search,4.7,0.01,1,0.54,0.02,2.11364,0.160383,686.0,3573.0,157.0,36.9545,10.0,False,2,4,2,2,4,4,4,2023-07-20 23:31:16+00,2023-07-20 19:17:39+00,14.349,12.0438,13.1599,,,,10.617,9.984,9.784,3573.0,188.132646930243,-37.073786994825,4.70139,3.38706,75.4617,203.495266701233,-30.544055766438,59928581.67294459,43.87414573770281,Sector 10,1.0
qlp-tois-update,SPOC/QLP,29960109,393.01,EB,42.2492905,-14.5378418,42.2500662802,-14.5376462629,11.2,0.007,1411.66942,0.00298,2.49221,0.00061,1.605,0.221,1480.0,3.7192,[4],may be on 29960110,4.78,0.01,1,0.45,0.01,1.71311,0.10767,714.0,3450.0,157.0,43.3259,12.0,False,2,4,1,2,4,4,4,2019-01-16 19:24:30+00,2020-05-20 19:58:51+00,12.659,11.2003,12.385,,,,9.733,9.125,8.875,3450.0,42.2492904652083,-14.5378417949533,4.7842,4.96413,37.8932,34.7609912507456,-29.2874303173408,46132195.35544296,33.77371207065698,Sector 4,1.0
qlp-s43-faintsearch,FAINT,246965431,5319.01,PC,35.2133592,23.5208142,35.2135563197,23.5204407646,12.083,0.006,2884.04168142485,0.0031516561,4.0785273,1.7e-05,1.561,0.553,4530.0,40.2943,"[18, 42, 43, 58]",slightly fainter star (TIC 620306169) 3 arcsec away; found in faint-star QLP search; L1 candidate,4.77,0.18,1,0.48,0.07,3.74681,0.617629,695.0,3580.0,124.3,38.7885,24.0,False,2,4,2,2,4,4,4,2022-02-28 23:27:40+00,2023-03-22 15:22:12+00,13.947,12.0828,13.1344,,,,10.35,9.7,9.553,3580.0,35.2133592446371,23.5208142421241,4.76633,4.39454,61.171,40.6770778028191,8.96553693335889,30083002.370660953,22.023982436979743,Sector 18,1.0
qlp-s52-tois,SPOC,236387002,2119.01,CP,244.4300231,26.3041816,244.429882353,26.3042109823,10.398,0.007,2721.9694253,0.0001588,7.2008624,2.2e-06,2.142,0.057,51950.0,83.9805,"[24, 25, 51, 52]",confirmed brown dwarf,4.74,0.01,1,0.5,0.01,12.723,0.628659,515.0,3606.0,157.0,11.7385,258.0,False,5,5,5,5,5,5,5,2020-07-29 05:09:23+00,2022-08-23 17:38:52+00,12.39,10.3978,11.4732,11.8892,10.9292,10.7214,8.976,8.393,8.139,3606.0,244.430023052061,26.3041816011144,4.73889,4.01177,31.4006,235.627021749995,46.7385522240667,15420650.80156678,11.289569379940932,"Sector 24, Sector 25",2.0
spoc-s14-s55-b0A-PC,SPOC,389900760,2120.01,PC,23.5041332543311,65.514915682384,23.5073150471,65.513987735,12.8233,0.00738306,1795.82287379908,0.0009971453,5.79981888817589,1.40004795e-05,1.01437401085988,0.101210885,8567.33902229268,1317.3026,"[18, 24, 25, 52]",Short V-shaped transit. Multiple stars in pixel.,4.99978,0.0153626,1,0.24023300409317,0.00728193,2.63461242922817,0.39226365,354.602737839139,3179.0,157.0,3.73670952754909,13.711875,False,2,4,1,1,4,4,4,2020-07-29 05:13:33+00,2023-03-09 16:31:02+00,15.648,12.8233,14.1872,,,,11.1,10.452,10.205,3179.0,23.5041332543311,65.514915682384,4.99978,15.1732,32.1755,53.5011814634884,50.2841687677058,5120283.262907612,3.748596209420201,"Sector 18, Sector 24, Sector 25",3.0
qlp-s46-tois,SPOC/QLP,19028197,5094.01,KP,119.7743315,15.3914556,119.773502072,15.3912090143,10.248,0.007,3257.95533,0.0004184,3.3366513,2.2e-06,1.78,0.171,6530.0,0.149938,"[44, 45, 46, 71]",GJ 3470 b,4.74,0.01,1,0.5,0.01,4.36319,0.132075,703.0,3552.0,157.0,40.5809,134.0,False,5,5,5,5,5,5,5,2022-01-06 23:46:14+00,2024-01-04 15:31:52+00,12.332,10.2479,11.3537,11.8694,10.7632,10.575,8.794,8.206,7.989,3552.0,119.77433150777,15.3914555626097,4.73767,3.98928,29.4214,118.731048330871,-5.12745578914328,40639702.960818544,29.752618878428663,,1.0
qlp-s39-tois,SPOC,140687214,4327.01,PC,73.2067414796876,-76.3400256290973,73.2068635847,-76.3396806788,12.1285,0.00734726,2387.0177477,0.0012894,0.8303285,2e-06,0.665,0.278,680.0,589.617,"[1, 2, 3, 4, 5, 6, 7, 8, 9, 10, 11, 12, 13, 27, 28, 29, 30, 31, 32, 33, 34, 35, 36, 37, 38, 39]",possible L1 planet; two stars in pixel,4.68064,0.0100081,1,0.57,0.02,3.44971,1.5138,1428.0,3672.0,157.0,691.538,19.0,False,2,4,1,1,4,4,4,2021-07-27 02:26:33+00,2022-03-21 18:50:08+00,14.037,12.1285,13.1868,,,,10.809,10.115,9.888,3672.0,73.2067414796876,-76.3400256290973,4.68064,3.09156,84.4016,290.855751272355,-78.9508540745784,351475801.305446,257.3179624691978,"Sector 1, Sector 2, Sector 3, Sector 4, Sector 5, Sector 6, Sector 7, Sector 8, Sector 9, Sector 10, Sector 11, Sector 12, Sector 13",13.0
spoc-s49-b0A,SPOC/QLP,138819293,1796.01,KP,175.5462224,26.7065717,175.550536327,26.7030669015,8.403,0.007,2639.96333223392,0.00018952927,2.64388561055203,3.158837e-05,0.968928896407807,0.0148794195,6404.70514713927,64.446434,"[22, 49]",GJ 436 b,4.8,0.0,1,0.425431996583939,0.0125187,3.81211402798575,0.11891983,594.053359297008,3456.0,157.0,29.4322067883771,99.782776,False,5,5,5,5,5,5,5,2020-04-15 12:38:54+00,2022-07-13 19:12:47+00,10.67,8.40346,9.57148,10.0822,8.92183,8.6612,6.9,6.319,6.073,3456.0,175.546222446621,26.7065716919965,4.80352,5.45283,9.75321,164.773699273813,22.6277382225292,40329793.47702018,29.525731916012795,Sector 22,1.0
spoc-s33-b02,SPOC,33091590,2495.01,PC,104.8269758705,-4.82823132363991,104.827007318,-4.82827353811,12.2285,0.00772299,2208.38450492842,0.0040933965,7.79538495313736,0.0030242442,1.69415729398313,0.7247427,2783.9129229208,418.50656,[33],low SNR,4.8711,0.000391229,1,0.352909,0.0106823,1.89392643769333,1.3662949,379.971344351894,3356.0,157.0,4.92634001400425,7.411049,False,2,4,2,2,4,4,4,2021-02-19 00:37:58+00,2021-02-18 18:27:58+00,14.728,12.2285,13.4798,,,,10.661,10.103,9.827,3356.0,104.8269758705,-4.82823132363991,4.8711,7.68023,43.0789,106.693150612063,-27.412346697882,6750319.1293550925,4.941957192873716,Sector 7,1.0
spoc-s01-s69-b0A-PC,SPOC,299798795,1224.01,PC,37.1934,-80.8992,37.1978355744,-80.8991052993,11.457,0.044,1327.70505330364,0.0005623482,4.17826560315297,5.234576e-06,1.67590401611464,0.14986727,2537.67816018499,148.4311,"[1, 13, 27, 28, 39, 66, 67, 68]",variable flaring star; potential multi,4.893,0.382128,1,0.404403001070023,0.0120014,2.10238537850638,0.30378047,492.724158327634,3442.0,64.0,13.9295288437077,18.81182,False,2,4,1,1,4,4,4,2019-08-26 21:36:51+00,2024-04-24 20:50:50+00,13.95,11.556,12.7824,,,,10.018,9.405,9.134,3392.0,37.1934834298235,-80.8992217499421,4.82262,5.99427,37.3312,292.443204001574,-70.7287037269195,19087121.42639598,13.973818899054548,"Sector 1, Sector 13",2.0
spoc-s01-s36-b0A-CPKP,UNKNOWN,259377017,270.01,CP,68.4154,-51.9562,68.4160804338,-51.9573937399,10.416,0.04,2198.9614539,0.0005277,5.66056931603069,3.858381e-06,1.66317040312773,0.052896116,3856.10608521182,66.09782,"[3, 4, 5, 30, 32]",TOI-270 c / TOI 270.01,4.83982,0.382963,1,0.374357998371124,0.0114957,2.40708723087558,0.11973171,452.870922604814,3551.0,74.0,9.94074078795448,51.1377,False,5,5,5,5,5,5,5,2019-05-17 18:40:33+00,2021-10-14 20:28:36+00,12.603,10.4981,11.6306,,,,9.099,8.531,8.251,3532.0,68.4155009405299,-51.9562322933249,4.85053,6.90519,22.4793,43.1468702925207,-71.8970239437336,13621394.682571087,9.972321032314689,"Sector 3, Sector 4, Sector 5",3.0
qlp-s72-ffi,QLP,203289099,5111.01,KP,136.3614253,21.6687003,136.361492342,21.6685886271,11.754,0.007,3280.3240499,0.0042669,3.3557219,6.6e-06,1.599,0.088,1101.0,24.2749,"[44, 45, 46, 72]",K2-344 b,4.68,0.01,1,0.56,0.02,1.9149,0.0624086,688.0,3807.0,157.0,37.2966,41.0,False,5,5,5,5,5,5,5,2022-01-25 22:18:19+00,2024-02-01 18:39:29+00,13.423,11.7538,12.7423,15.6525,14.7603,12.1876,10.496,9.858,9.662,3807.0,136.361425289651,21.6687003127867,4.68448,3.14388,75.1691,132.448892459301,4.7989752914297,62379517.86675104,45.668493755944354,,1.0
